WaferID,Pos X,Pos Y,BIN,Ith2,SEf1,Vf1,Vf3,Ir,Vr,Pmax,wlp1,wlc1,FWHM,Kink2,BIN Y,BIN X,Barcode Name: OP,AA080270,
864（芯片总颗数）,（供给端X坐标）,（供给端Y坐标）,（3bin）,,,,,,,,,,,,收纳环该区域第几列,收纳环该区域第几行,DeviceNumber,GGA-55XBVTA-V1（测试程序）,SerialNumber
GL1228310008-14,16,40,3,1090.63,99.999,4.513,4.513,0,17.79,179.341,469.33,469.33,0,999.9,16,3,,,
GL1228310008-14,16,39,3,900.81,0.854,4.418,4.418,0,40,376.83,469.32,469.33,0,999.9,17,3,,,
GL1228310008-14,16,36,3,1025.85,99.999,4.492,4.492,0,0.94,272.18,469.13,469.13,0,999.9,17,3,,,
GL1228310008-14,16,35,3,530.46,0.807,4.205,4.205,0,40,761.82,456.34,456.34,2.57,0.2,19,3,,,
GL1228310008-14,16,34,3,9999.99,0.003,3.635,3.635,0,1.31,4.911,469.13,469.13,0,470.1,20,3,,,
GL1228310008-14,17,34,3,1037.29,99.999,4.489,4.489,0,0.13,196.87,469.32,469.33,0,999.9,21,3,,,
GL1228310008-14,18,34,3,603.74,0.668,4.238,4.238,0,40,569.161,456.13,456.14,1.39,0,22,3,,,
GL1228310008-14,17,35,3,661.76,0.778,4.308,4.308,0,29.8,540.433,454.94,454.94,1.45,0,23,3,,,
GL1228310008-14,18,35,3,749.77,1.162,4.36,4.36,0,1.59,636.15,454.93,454.94,1.73,999.9,24,3,,,
GL1228310008-14,17,36,3,654,0.859,4.297,4.297,0,25.5,627.31,455.32,455.34,1.28,0,25,3,,,
GL1228310008-14,18,36,3,850.5,1.009,4.457,4.457,0,0.05,493.489,469.32,469.33,0,999.9,26,3,,,
GL1228310008-14,19,36,3,1094.68,99.999,4.516,4.516,0,40,173.922,469.32,469.33,0,999.9,27,3,,,
GL1228310008-14,20,36,3,1226.9,99.999,9.999,9.999,0,40,121.638,469.13,469.13,0,999.9,28,3,,,
GL1228310008-14,21,35,3,9999.99,0.005,3.65,3.65,0,1.27,9.668,469.13,469.13,0,193.2,29,3,,,
GL1228310008-14,21,34,3,999.49,0.562,4.431,4.431,0,1.35,204.737,469.13,469.13,0,999.9,30,3,,,
GL1228310008-14,22,33,3,589.53,0.758,4.219,4.219,0,40,616.716,456.15,456.14,1.29,0.2,1,4,,,
GL1228310008-14,23,32,3,1077.15,99.999,4.423,4.423,0,40,145.725,469.13,469.13,0,999.9,2,4,,,
GL1228310008-14,24,33,3,768.67,0.609,4.392,4.392,0,40,337.549,455.52,455.54,2.08,999.9,3,4,,,
GL1228310008-14,25,32,3,832.35,0.844,4.388,4.388,,,394.804,453.58,453.54,0,999.9,4,4,,,
GL1228310008-14,23,34,3,835.01,0.897,4.442,4.442,0.02,0,421.192,454.66,454.74,0,999.9,5,4,,,
GL1228310008-14,22,34,3,1128.5,99.999,4.605,4.605,0.021,0,89.069,461.22,469.33,0,999.9,6,4,,,
GL1228310008-14,22,35,3,842.93,0.855,4.477,4.477,0.02,0,382.111,453.51,453.54,0,999.9,7,4,,,
GL1228310008-14,23,35,3,994.74,0.967,331.193,0,0.018,0,331.193,469.13,469.13,0,999.9,8,4,,,
GL1228310008-14,22,36,3,762.58,0.746,430.062,0,0.021,0,430.062,453.94,453.94,1.75,999.9,9,4,,,
GL1228310008-14,21,36,3,752.42,0.295,3.068,0,0.02,0,1806,455,455.14,0,999.9,10,4,,,
GL1228310008-14,21,37,3,802.38,1.096,3.067,0,0.022,0,1804.37,453.85,453.94,0,999.9,11,4,,,
GL1228310008-14,22,37,3,3.167,99.999,3.067,0,0.021,0,1800.01,469.24,469.33,0,999.9,12,4,,,
GL1228310008-14,20,38,3,0.154,0.779,3.068,0,0.022,0,1802.33,453.13,453.14,0,999.9,13,4,,,
GL1228310008-14,19,37,3,0.1541,0.004,3.069,0,0.021,0,1808.31,0,469.33,0,390,14,4,,,
GL1228310008-14,18,37,3,0.1542,0.003,3.07,0,0.02,0,1809.83,0,469.33,0,999.9,15,4,,,
GL1228310008-14,17,37,3,0.1543,0.934,3.071,0,0.02,0,1812.85,0,,0,999.9,16,4,,,
GL1228310008-14,16,37,3,0.1545,0.848,3.071,0,0.021,0,1814.85,0,,0,0.4,17,4,,,
GL1228310008-14,16,38,3,0.1546,1.116,3.072,0,0.02,0,1811.03,0,,0,0.9,16,4,,,
GL1228310008-14,17,38,3,0.1544,1.186,3.071,0,0.021,0,1807.85,0,,0,3.8,17,4,,,
GL1228310008-14,18,38,3,0.1543,1.124,3.07,0,0.022,0,1804.95,0,,0,1,18,4,,,
GL1228310008-14,19,38,3,0.1542,3.069,0,0.022,0,1803.74,0,,0,,5.3,4,,,,
GL1228310008-14,18,39,3,0.1544,3.07,0,0.022,0,1801.02,0,,0,,8.2,4,,,,
GL1228310008-14,17,39,3,0.1545,3.072,0,0.021,0,1805.88,0,,0,,3.4,4,,,,
GL1228310008-14,17,40,3,0.1546,3.071,0,0.02,0,1801.63,0,,0,,1.5,4,,,,
GL1228310008-14,16,41,3,0.1548,3.072,0,0.02,0,1800.24,0,,0,,2.9,4,,,,
GL1228310008-14,19,39,3,0.1543,3.069,0,0.022,0,1801.7,0,,0,,0.2,4,,,,
GL1228310008-14,14,20,3,0.1545,3.03,0,0.021,0,1823.67,0,,0,,0.8,4,,,,
GL1228310008-14,13,20,3,0.1545,3.03,0,0.021,0,1824.07,0,,0,,1.4,4,,,,
GL1228310008-14,14,19,3,0.1545,3.029,0,0.022,0,1823.12,0,,0,,4,,,,,
GL1228310008-14,13,19,3,0.1546,3.03,0,0.022,0,1823.35,0,,0,,4,,,,,
GL1228310008-14,12,19,3,0.1546,3.031,0,0.022,0,1824.4,0,,0,,4,,,,,
GL1228310008-14,11,20,3,0.1546,3.032,0,0.02,0,1825.42,0,,0,,4,,,,,
GL1228310008-14,11,21,3,0.1546,3.032,0,0.021,0,1825.78,0,,0,,4,,,,,
GL1228310008-14,10,21,3,0.1546,3.033,0,0.005,0,1825.63,0,,0,,4,,,,,
GL1228310008-14,9,21,3,0.1546,3.034,0,0.02,0,1825.75,0,,0,,4,,,,,
GL1228310008-14,8,21,3,0.1546,3.034,0,0.036,0,1824.93,0,,0,,4,,,,,
GL1228310008-14,7,21,3,0.1546,3.034,0,0.02,0,1824.11,0,,0,,5,,,,,
GL1228310008-14,6,21,3,0.1546,3.035,0,0.022,0,1822.99,0,,0,,5,,,,,
GL1228310008-14,5,21,3,0.1545,3.035,0,0.022,0,1822.26,0,,0,,5,,,,,
GL1228310008-14,4,21,3,0.1545,3.035,0,0.022,0,1820.36,0,,0,,5,,,,,
GL1228310008-14,4,20,3,0.1545,3.034,0,0.021,0,1820.91,0,,0,,5,,,,,
GL1228310008-14,3,20,3,0.1544,3.035,0,0.02,0,1818.94,0,,0,,5,,,,,
GL1228310008-14,2,21,3,0.1543,3.036,0,0.02,0,1815.35,0,,0,,5,,,,,
GL1228310008-14,1,21,3,0.1542,3.035,0,0.02,0,1813.22,0,,0,,5,,,,,
GL1228310008-14,0,21,3,0.1541,3.034,0,0.02,0,1810.34,0,,0,,5,,,,,
GL1228310008-14,-1,21,3,0.154,3.034,0,0.021,0,1808.71,0,,0,,5,,,,,
GL1228310008-14,0,20,3,0.1541,3.033,0,0.02,0,1813.39,0,,0,,5,,,,,
GL1228310008-14,1,20,3,0.1542,3.034,0,0.02,0,1815.2,0,,0,,5,,,,,
GL1228310008-14,2,19,3,0.1544,3.035,0,0.02,0,1816.35,0,,0,,5,,,,,
GL1228310008-14,3,19,3,0.1545,3.034,0,0.02,0,1818.89,0,,0,,5,,,,,
GL1228310008-14,4,19,3,0.1545,3.034,0,0.021,0,1819.52,0,,0,,5,,,,,
GL1228310008-14,5,19,3,0.1546,3.034,0,0.022,0,1821.85,0,,0,,5,,,,,
GL1228310008-14,6,20,3,0.1547,3.035,0,0.018,0,1827.44,0,,0,,5,,,,,
GL1228310008-14,7,20,3,0.1546,3.034,0,0.022,0,1825.73,0,,0,,5,,,,,
GL1228310008-14,8,20,3,0.1547,3.037,0,0.022,0,1824.25,0,,0,,5,,,,,
GL1228310008-14,9,20,3,0.1547,3.033,0,0.022,0,1824.41,0,,0,,5,,,,,
GL1228310008-14,10,19,3,0.1547,3.031,0,0.02,0,1825.42,0,,0,,5,,,,,
GL1228310008-14,11,19,3,0.1547,3.031,0,0.021,0,1825.79,0,,0,,5,,,,,
GL1228310008-14,12,18,3,0.1547,3.029,0,0.021,0,1824.16,0,,0,,5,,,,,
GL1228310008-14,13,18,3,0.1546,3.029,0,0.02,0,1822.48,0,,0,,6,,,,,
GL1228310008-14,14,18,3,0.1545,3.028,0,0.02,0,1820.68,0,,0,,6,,,,,
GL1228310008-14,14,17,3,0.1545,3.028,0,0.021,0,1822.11,0,,0,,6,,,,,
GL1228310008-14,13,17,3,0.1547,3.029,0,0.018,0,1822.98,0,,0,,6,,,,,
GL1228310008-14,12,17,3,0.1547,3.028,0,0.02,0,1823.77,0,,0,,6,,,,,
GL1228310008-14,11,18,3,0.1547,3.03,0,0.022,0,1824.48,0,,0,,6,,,,,
GL1228310008-14,10,18,3,0.1548,3.031,0,0.022,0,1825.2,0,,0,,6,,,,,
GL1228310008-14,9,19,3,0.1547,3.033,0,0.02,0,1825.51,0,,0,,6,,,,,
GL1228310008-14,8,19,3,0.1547,3.034,0,0.021,0,1824.56,0,,0,,6,,,,,
GL1228310008-14,7,19,3,0.1547,3.034,0,0.022,0,1824.36,0,,0,,6,,,,,
GL1228310008-14,6,19,3,0.1547,3.034,0,0.022,0,1822.92,0,,0,,6,,,,,
GL1228310008-14,8,18,3,0.1547,3.033,0,0.02,0,1825.04,0,,0,,6,,,,,
GL1228310008-14,9,18,3,0.1548,3.032,0,0.022,0,1824.18,0,,0,,6,,,,,
GL1228310008-14,9,17,3,0.1548,3.032,0,0.02,0,1828.76,0,,0,,6,,,,,
GL1228310008-14,8,17,3,0.1548,3.032,0,0.02,0,1826.49,0,,0,,6,,,,,
GL1228310008-14,7,18,3,0.1547,3.032,0,0.02,0,1824.97,0,,0,,6,,,,,
GL1228310008-14,6,18,3,0.1547,3.033,0,0.02,0,1823.61,0,,0,,6,,,,,
GL1228310008-14,5,18,3,0.1546,3.033,0,0.021,0,1821.51,0,,0,,6,,,,,
GL1228310008-14,4,18,3,0.1546,3.032,0,0.022,0,1820.07,0,,0,,6,,,,,
GL1228310008-14,3,18,3,0.1545,3.033,0,0.022,0,1818.17,0,,0,,6,,,,,
GL1228310008-14,2,18,3,0.1544,3.033,0,0.022,0,1816.6,0,,0,,6,,,,,
GL1228310008-14,1,19,3,0.1543,3.034,0,0.02,0,1814.47,0,,0,,6,,,,,
GL1228310008-14,0,19,3,0.1541,3.033,0,0.021,0,1811.92,0,,0,,6,,,,,
GL1228310008-14,-1,20,3,0.154,3.033,0,0.021,0,1811.12,0,,0,,6,,,,,
GL1228310008-14,-1,19,3,0.154,3.032,0,0.022,0,1808.82,0,,0,,6,,,,,
GL1228310008-14,-2,19,3,0.1539,3.032,0,0.023,0,1805.57,0,,0,,7,,,,,
GL1228310008-14,-3,20,3,0.1537,3.032,0,0.023,0,1803.8,0,,0,,7,,,,,
GL1228310008-14,-3,21,3,0.1536,3.033,0,0.022,0,1802.5,0,,0,,7,,,,,
GL1228310008-14,-3,19,3,0.1538,3.032,0,0.022,0,1803.13,0,,0,,7,,,,,
GL1228310008-14,-2,18,3,0.154,3.03,0,0.021,0,1808.24,0,,0,,7,,,,,
GL1228310008-14,-1,18,3,0.1541,3.032,0,0.02,0,1810.8,0,,0,,7,,,,,
GL1228310008-14,0,18,3,0.1542,3.032,0,0.02,0,1812.39,0,,0,,7,,,,,
GL1228310008-14,1,18,3,0.1543,3.034,0,0.02,0,1812.38,0,,0,,7,,,,,
GL1228310008-14,2,17,3,0.1544,3.032,0,0.021,0,1816.1,0,,0,,7,,,,,
GL1228310008-14,4,17,3,0.1546,3.032,0,0.022,0,1819.94,0,,0,,7,,,,,
GL1228310008-14,5,17,3,0.1548,3.033,0,0.019,0,1824.39,0,,0,,7,,,,,
GL1228310008-14,6,17,3,0.1548,3.032,0,0.02,0,1825.41,0,,0,,7,,,,,
GL1228310008-14,7,17,3,0.1548,3.032,0,0.02,0,1823.85,0,,0,,7,,,,,
GL1228310008-14,8,16,3,0.1547,3.031,0,0.022,0,1822.68,0,,0,,7,,,,,
GL1228310008-14,7,16,3,0.1547,3.032,0,0.022,0,1821.83,0,,0,,7,,,,,
GL1228310008-14,6,16,3,0.1547,3.032,0,0.022,0,1821.94,0,,0,,7,,,,,
GL1228310008-14,5,16,3,0.1547,3.032,0,0.021,0,1821.03,0,,0,,7,,,,,
GL1228310008-14,4,16,3,0.1546,3.032,0,0.02,0,1820.65,0,,0,,7,,,,,
GL1228310008-14,3,17,3,0.1545,3.033,0,0.022,0,1819.34,0,,0,,7,,,,,
GL1228310008-14,3,16,3,0.1546,3.032,0,0.02,0,1819.31,0,,0,,7,,,,,
GL1228310008-14,2,16,3,0.1545,3.032,0,0.021,0,1818.13,0,,0,,7,,,,,
GL1228310008-14,1,17,3,0.1543,3.033,0,0.02,0,1814.19,0,,0,,7,,,,,
GL1228310008-14,1,16,3,0.1544,3.033,0,0.021,0,1817.18,0,,0,,7,,,,,
GL1228310008-14,2,15,3,0.1545,3.032,0,0.022,0,1818.6,0,,0,,7,,,,,
GL1228310008-14,3,15,3,0.1546,3.033,0,0.022,0,1820.89,0,,0,,7,,,,,
GL1228310008-14,4,15,3,0.1548,3.033,0,0.02,0,1822.28,0,,0,,7,,,,,
GL1228310008-14,5,15,3,0.1547,3.032,0,0.022,0,1823.19,0,,0,,7,,,,,
GL1228310008-14,6,15,3,0.1547,3.032,0,0.022,0,1822.81,0,,0,,8,,,,,
GL1228310008-14,7,15,3,0.1547,3.031,0,0.022,0,1823.5,0,,0,,8,,,,,
GL1228310008-14,8,15,3,0.1547,3.03,0,0.021,0,1822.74,0,,0,,8,,,,,
GL1228310008-14,9,15,3,0.1547,3.03,0,0.02,0,1821.11,0,,0,,8,,,,,
GL1228310008-14,10,15,3,0.1546,3.029,0,0.02,0,1821.64,0,,0,,8,,,,,
GL1228310008-14,11,16,3,0.1547,3.029,0,0.02,0,1824.45,0,,0,,8,,,,,
GL1228310008-14,12,16,3,0.1546,3.027,0,0.021,0,1822.09,0,,0,,8,,,,,
GL1228310008-14,13,16,3,0.1546,3.028,0,0.02,0,1822.03,0,,0,,8,,,,,
GL1228310008-14,14,16,3,0.1545,3.027,0,0.022,0,1819.16,0,,0,,8,,,,,
GL1228310008-14,14,15,3,0.1544,3.024,0,0.022,0,1817.99,0,,0,,8,,,,,
GL1228310008-14,13,15,3,0.1545,3.027,0,0.022,0,1818.13,0,,0,,8,,,,,
GL1228310008-14,12,15,3,0.1545,3.026,0,0.022,0,1815.92,0,,0,,8,,,,,
GL1228310008-14,11,15,3,0.1546,3.027,0,0.02,0,1820.33,0,,0,,8,,,,,
GL1228310008-14,12,14,3,0.1546,3.024,0,0.019,0,1819.13,0,,0,,8,,,,,
GL1228310008-14,13,14,3,0.1544,3.024,0,0.021,0,1816.58,0,,0,,8,,,,,
GL1228310008-14,14,14,3,0.1544,3.022,0,0.02,0,1815.99,0,,0,,8,,,,,
GL1228310008-14,14,13,3,0.1544,3.02,0,0.022,0,1817.3,0,,0,,8,,,,,
GL1228310008-14,13,13,3,0.1544,3.022,0,0.022,0,1817.12,0,,0,,8,,,,,
GL1228310008-14,12,13,3,0.1545,3.023,0,0.022,0,1818.31,0,,0,,8,,,,,
GL1228310008-14,11,14,3,0.1545,3.026,0,0.02,0,1818.46,0,,0,,8,,,,,
GL1228310008-14,10,14,3,0.1546,3.027,0,0.021,0,1819.85,0,,0,,8,,,,,
GL1228310008-14,9,14,3,0.1547,3.028,0,0.021,0,1820.23,0,,0,,8,,,,,
GL1228310008-14,8,14,3,0.1547,3.029,0,0.022,0,1821.43,0,,0,,8,,,,,
GL1228310008-14,7,14,3,0.1547,3.03,0,0.022,0,1822.42,0,,0,,8,,,,,
GL1228310008-14,6,14,3,0.1547,3.031,0,0.021,0,1822.16,0,,0,,8,,,,,
GL1228310008-14,5,14,3,0.1547,3.032,0,0.021,0,1822.27,0,,0,,8,,,,,
GL1228310008-14,6,13,3,0.1547,3.03,0,0.02,0,1822.22,0,,0,,8,,,,,
GL1228310008-14,7,13,3,0.1546,3.029,0,0.02,0,1822.01,0,,0,,8,,,,,
GL1228310008-14,8,13,3,0.1547,3.029,0,0.019,0,1821.06,0,,0,,8,,,,,
GL1228310008-14,9,13,3,0.1546,3.027,0,0.02,0,1820.08,0,,0,,9,,,,,
GL1228310008-14,10,13,3,0.1545,3.026,0,0.02,0,1819.84,0,,0,,9,,,,,
GL1228310008-14,11,13,3,0.1545,3.024,0,0.022,0,1818.78,0,,0,,9,,,,,
GL1228310008-14,12,12,3,0.1544,3.021,0,0.022,0,1818.4,0,,0,,9,,,,,
GL1228310008-14,13,12,3,0.1544,3.019,0,0.022,0,1818.44,0,,0,,9,,,,,
GL1228310008-14,14,11,3,0.1544,3.014,0,0.022,0,1816.56,0,,0,,9,,,,,
GL1228310008-14,13,11,3,0.1545,3.016,0,0.019,0,1818.23,0,,0,,9,,,,,
GL1228310008-14,12,11,3,0.1544,3.016,0,0.022,0,1815.57,0,,0,,9,,,,,
GL1228310008-14,11,12,3,0.1545,3.024,0,0.019,0,1819.61,0,,0,,9,,,,,
GL1228310008-14,10,12,3,0.1545,3.024,0,0.021,0,1819.5,0,,0,,9,,,,,
GL1228310008-14,9,12,3,0.1545,3.025,0,0.022,0,1820.47,0,,0,,9,,,,,
GL1228310008-14,8,12,3,0.1546,3.026,0,0.022,0,1823.47,0,,0,,9,,,,,
GL1228310008-14,7,12,3,0.1546,3.026,0,0.021,0,1820.56,0,,0,,9,,,,,
GL1228310008-14,6,12,3,0.1546,3.028,0,0.02,0,1821.37,0,,0,,9,,,,,
GL1228310008-14,5,13,3,0.1547,3.031,0,0.02,0,1822.28,0,,0,,9,,,,,
GL1228310008-14,4,13,3,0.1547,3.032,0,0.02,0,1822.09,0,,0,,9,,,,,
GL1228310008-14,3,14,3,0.1547,3.032,0,0.02,0,1820.23,0,,0,,9,,,,,
GL1228310008-14,2,14,3,0.1546,3.032,0,0.021,0,1818.22,0,,0,,9,,,,,
GL1228310008-14,1,15,3,0.1544,3.033,0,0.02,0,1814.8,0,,0,,9,,,,,
GL1228310008-14,0,15,3,0.1543,3.031,0,0.02,0,1812.17,0,,0,,9,,,,,
GL1228310008-14,-1,15,3,0.1541,3.031,0,0.02,0,1810.08,0,,0,,9,,,,,
GL1228310008-14,-2,16,3,0.154,3.03,0,0.02,0,1808.19,0,,0,,9,,,,,
GL1228310008-14,-2,17,3,0.154,3.031,0,0.022,0,1806.5,0,,0,,9,,,,,
GL1228310008-14,-3,18,3,0.1538,3.032,0,0.022,0,1805.29,0,,0,,9,,,,,
GL1228310008-14,-4,18,3,0.1537,3.031,0,0.02,0,1804.45,0,,0,,9,,,,,
GL1228310008-14,-4,16,3,0.1537,3.029,0,0.021,0,1800.93,0,,0,,9,,,,,
GL1228310008-14,-3,15,3,0.1539,3.03,0,0.021,0,1803.34,0,,0,,9,,,,,
GL1228310008-14,-2,15,3,0.154,3.031,0,0.02,0,1807.26,0,,0,,9,,,,,
GL1228310008-14,-1,14,3,0.1541,3.03,0,0.022,0,1810.24,0,,0,,9,,,,,
GL1228310008-14,0,14,3,0.1543,3.031,0,0.022,0,1809.55,0,,0,,10,,,,,
GL1228310008-14,1,14,3,0.1544,3.032,0,0.022,0,1814.92,0,,0,,10,,,,,
GL1228310008-14,2,13,3,0.1545,3.031,0,0.02,0,1819.1,0,,0,,10,,,,,
GL1228310008-14,3,13,3,0.1547,3.031,0,0.018,0,1821.86,0,,0,,10,,,,,
GL1228310008-14,4,12,3,0.1547,3.03,0,0.02,0,1822.56,0,,0,,10,,,,,
GL1228310008-14,5,12,3,0.1547,3.029,0,0.02,0,1822.08,0,,0,,10,,,,,
GL1228310008-14,6,11,3,0.1547,3.026,0,0.022,0,1823.06,0,,0,,10,,,,,
GL1228310008-14,7,11,3,0.1546,3.024,0,0.021,0,1819.5,0,,0,,10,,,,,
GL1228310008-14,8,11,3,0.1546,3.024,0,0.02,0,1821.1,0,,0,,10,,,,,
GL1228310008-14,9,11,3,0.1545,3.022,0,0.02,0,1819.88,0,,0,,10,,,,,
GL1228310008-14,10,11,3,0.1545,3.022,0,0.02,0,1818.23,0,,0,,10,,,,,
GL1228310008-14,11,11,3,0.1544,3.02,0,0.022,0,1816.8,0,,0,,10,,,,,
GL1228310008-14,12,10,3,0.1545,3.014,0,0.021,0,1813.3,0,,0,,10,,,,,
GL1228310008-14,13,10,3,0.1544,3.014,0,0.021,0,1814.98,0,,0,,10,,,,,
GL1228310008-14,14,10,3,0.1544,3.013,0,0.022,0,1815.63,0,,0,,10,,,,,
GL1228310008-14,14,9,3,0.1544,3.011,0,0.02,0,1814.93,0,,0,,10,,,,,
GL1228310008-14,13,9,3,0.1545,3.012,0,0.02,0,1816.66,0,,0,,10,,,,,
GL1228310008-14,12,9,3,0.1545,3.01,0,0.022,0,1818.08,0,,0,,10,,,,,
GL1228310008-14,11,10,3,0.1545,3.016,0,0.02,0,1818.02,0,,0,,10,,,,,
GL1228310008-14,10,10,3,0.1545,3.018,0,0.02,0,1818.64,0,,0,,10,,,,,
GL1228310008-14,9,10,3,0.1546,3.02,0,0.021,0,1819.37,0,,0,,10,,,,,
GL1228310008-14,10,9,3,0.1546,3.016,0,0.022,0,1819.41,0,,0,,10,,,,,
GL1228310008-14,11,9,3,0.1546,3.014,0,0.022,0,1818.22,0,,0,,10,,,,,
GL1228310008-14,12,8,3,0.1545,3.01,0,0.022,0,1817.31,0,,0,,10,,,,,
GL1228310008-14,13,8,3,0.1544,3.012,0,0.022,0,1815.83,0,,0,,10,,,,,
GL1228310008-14,14,7,3,0.1544,3.011,0,0.021,0,1813.86,0,,0,,10,,,,,
GL1228310008-14,13,7,3,0.1544,3.011,0,0.02,0,1814.89,0,,0,,10,,,,,
GL1228310008-14,14,6,3,0.1543,3.012,0,0.022,0,1812.65,0,,0,,10,,,,,
GL1228310008-14,13,6,3,0.1544,3.012,0,0.021,0,1813.13,0,,0,,10,,,,,
GL1228310008-14,14,5,3,0.1543,3.012,0,0.02,0,1810.95,0,,0,,10,,,,,
GL1228310008-14,13,5,3,0.1543,3.011,0,0.021,0,1812.26,0,,0,,10,,,,,
GL1228310008-14,14,4,3,0.1542,3.013,0,0.02,0,1808.28,0,,0,,11,,,,,
GL1228310008-14,13,4,3,0.1543,3.011,0,0.021,0,1810,0,,0,,11,,,,,
GL1228310008-14,12,4,3,0.1544,3.011,0,0.022,0,1810.72,0,,0,,11,,,,,
GL1228310008-14,11,5,3,0.1544,3.012,0,0.022,0,1811.87,0,,0,,11,,,,,
GL1228310008-14,11,6,3,0.1544,3.013,0,0.02,0,1815.52,0,,0,,11,,,,,
GL1228310008-14,11,7,3,0.1545,3.013,0,0.02,0,1816.8,0,,0,,11,,,,,
GL1228310008-14,11,8,3,0.1545,3.014,0,0.021,0,1818.56,0,,0,,11,,,,,
GL1228310008-14,10,8,3,0.1546,3.016,0,0.021,0,1819.44,0,,0,,11,,,,,
GL1228310008-14,9,9,3,0.1546,3.019,0,0.021,0,1820.74,0,,0,,11,,,,,
GL1228310008-14,9,8,3,0.1546,3.017,0,0.02,0,1820.39,0,,0,,11,,,,,
GL1228310008-14,8,8,3,0.1546,3.019,0,0.02,0,1820.63,0,,0,,11,,,,,
GL1228310008-14,7,9,3,0.1547,3.019,0,0.02,0,1820.8,0,,0,,11,,,,,
GL1228310008-14,7,10,3,0.1547,3.022,0,0.022,0,1821,0,,0,,11,,,,,
GL1228310008-14,6,10,3,0.1547,3.024,0,0.021,0,1821.52,0,,0,,11,,,,,
GL1228310008-14,5,11,3,0.1547,3.027,0,0.022,0,1822.45,0,,0,,11,,,,,
GL1228310008-14,4,11,3,0.1546,3.028,0,0.022,0,1820.25,0,,0,,11,,,,,
GL1228310008-14,3,12,3,0.1546,3.029,0,0.022,0,1820.96,0,,0,,11,,,,,
GL1228310008-14,2,12,3,0.1545,3.029,0,0.022,0,1818.06,0,,0,,11,,,,,
GL1228310008-14,1,13,3,0.1544,3.031,0,0.021,0,1815.82,0,,0,,11,,,,,
GL1228310008-14,0,13,3,0.1543,3.029,0,0.022,0,1812.45,0,,0,,11,,,,,
GL1228310008-14,-1,13,3,0.1541,3.029,0,0.022,0,1809.99,0,,0,,11,,,,,
GL1228310008-14,-2,14,3,0.154,3.031,0,0.021,0,1808.81,0,,0,,11,,,,,
GL1228310008-14,-3,14,3,0.1538,3.029,0,0.02,0,1805.45,0,,0,,11,,,,,
GL1228310008-14,-4,14,3,0.1537,3.028,0,0.02,0,1800.8,0,,0,,11,,,,,
GL1228310008-14,-3,13,3,0.1538,3.029,0,0.021,0,1804.3,0,,0,,11,,,,,
GL1228310008-14,-2,13,3,0.154,3.03,0,0.022,0,1807.14,0,,0,,11,,,,,
GL1228310008-14,-1,12,3,0.1541,3.028,0,0.02,0,1810.32,0,,0,,11,,,,,
GL1228310008-14,0,12,3,0.1542,3.028,0,0.021,0,1812.12,0,,0,,11,,,,,
GL1228310008-14,1,12,3,0.1544,3.029,0,0.022,0,1815.38,0,,0,,11,,,,,
GL1228310008-14,2,11,3,0.1544,3.028,0,0.02,0,1816.04,0,,0,,11,,,,,
GL1228310008-14,3,11,3,0.1545,3.025,0,0.02,0,1818.87,0,,0,,11,,,,,
GL1228310008-14,4,10,3,0.1546,3.024,0,0.02,0,1818.15,0,,0,,12,,,,,
GL1228310008-14,5,10,3,0.1547,3.023,0,0.02,0,1820.34,0,,0,,12,,,,,
GL1228310008-14,6,9,3,0.1548,3.021,0,0.019,0,1821.66,0,,0,,12,,,,,
GL1228310008-14,7,8,3,0.1546,3.018,0,0.02,0,1821.85,0,,0,,12,,,,,
GL1228310008-14,6,8,3,0.1547,3.02,0,0.019,0,1823.56,0,,0,,12,,,,,
GL1228310008-14,6,7,3,0.1545,3.018,0,0.021,0,1816.64,0,,0,,12,,,,,
GL1228310008-14,5,7,3,0.1545,3.018,0,0.02,0,1816.45,0,,0,,12,,,,,
GL1228310008-14,4,8,3,0.1545,3.019,0,0.019,0,1816.62,0,,0,,12,,,,,
GL1228310008-14,3,9,3,0.1545,3.021,0,0.021,0,1815.03,0,,0,,12,,,,,
GL1228310008-14,3,10,3,0.1545,3.023,0,0.02,0,1817.05,0,,0,,12,,,,,
GL1228310008-14,2,10,3,0.1544,3.025,0,0.021,0,1814.29,0,,0,,12,,,,,
GL1228310008-14,1,11,3,0.1543,3.028,0,0.02,0,1814.02,0,,0,,12,,,,,
GL1228310008-14,0,11,3,0.1542,3.027,0,0.021,0,1812.02,0,,0,,12,,,,,
GL1228310008-14,1,10,3,0.1543,3.026,0,0.022,0,1811.47,0,,0,,12,,,,,
GL1228310008-14,0,10,3,0.1542,3.025,0,0.022,0,1811.18,0,,0,,12,,,,,
GL1228310008-14,-1,10,3,0.1541,3.027,0,0.022,0,1807.9,0,,0,,12,,,,,
GL1228310008-14,-2,11,3,0.1541,3.028,0,0.018,0,1811.59,0,,0,,12,,,,,
GL1228310008-14,-2,12,3,0.154,3.029,0,0.02,0,1805.9,0,,0,,12,,,,,
GL1228310008-14,-2,10,3,0.154,3.026,0,0.022,0,1806.6,0,,0,,12,,,,,
GL1228310008-14,-3,10,3,0.1538,3.026,0,0.021,0,1802.44,0,,0,,12,,,,,
GL1228310008-14,-2,9,3,0.1539,3.025,0,0.02,0,1806,0,,0,,12,,,,,
GL1228310008-14,-1,9,3,0.1541,3.025,0,0.022,0,1809.12,0,,0,,12,,,,,
GL1228310008-14,0,9,3,0.1542,3.024,0,0.021,0,1811.05,0,,0,,12,,,,,
GL1228310008-14,1,9,3,0.1543,3.024,0,0.022,0,1809.97,0,,0,,12,,,,,
GL1228310008-14,2,9,3,0.1544,3.022,0,0.021,0,1813.49,0,,0,,12,,,,,
GL1228310008-14,3,8,3,0.1544,3.021,0,0.021,0,1815.89,0,,0,,12,,,,,
GL1228310008-14,4,7,3,0.1545,3.018,0,0.02,0,1817.54,0,,0,,12,,,,,
GL1228310008-14,5,6,3,0.1545,3.017,0,0.022,0,1815.3,0,,0,,12,,,,,
GL1228310008-14,6,6,3,0.1545,3.016,0,0.022,0,1815.92,0,,0,,12,,,,,
GL1228310008-14,7,6,3,0.1545,3.014,0,0.022,0,1817,0,,0,,12,,,,,
GL1228310008-14,8,7,3,0.1546,3.016,0,0.022,0,1817.03,0,,0,,12,,,,,
GL1228310008-14,9,7,3,0.1546,3.016,0,0.022,0,1817.95,0,,0,,13,,,,,
GL1228310008-14,10,7,3,0.1546,3.015,0,0.021,0,1817.35,0,,0,,13,,,,,
GL1228310008-14,9,6,3,0.1545,3.015,0,0.02,0,1816.4,0,,0,,13,,,,,
GL1228310008-14,8,6,3,0.1545,3.014,0,0.021,0,1816.3,0,,0,,13,,,,,
GL1228310008-14,9,5,3,0.1545,3.014,0,0.021,0,1814.73,0,,0,,13,,,,,
GL1228310008-14,10,5,3,0.1545,3.013,0,0.022,0,1814.14,0,,0,,13,,,,,
GL1228310008-14,10,4,3,0.1544,3.014,0,0.022,0,1813.26,0,,0,,13,,,,,
GL1228310008-14,9,4,3,0.1544,3.014,0,0.021,0,1814.5,0,,0,,13,,,,,
GL1228310008-14,8,5,3,0.1545,3.013,0,0.02,0,1813.86,0,,0,,13,,,,,
GL1228310008-14,7,5,3,0.1545,3.013,0,0.02,0,1815.21,0,,0,,13,,,,,
GL1228310008-14,6,5,3,0.1545,3.015,0,0.02,0,1814.87,0,,0,,13,,,,,
GL1228310008-14,5,5,3,0.1545,3.016,0,0.021,0,1814.01,0,,0,,13,,,,,
GL1228310008-14,4,6,3,0.1544,3.017,0,0.021,0,1814.74,0,,0,,13,,,,,
GL1228310008-14,3,6,3,0.1544,3.018,0,0.02,0,1813.34,0,,0,,13,,,,,
GL1228310008-14,2,7,3,0.1544,3.02,0,0.02,0,1817.07,0,,0,,13,,,,,
GL1228310008-14,1,8,3,0.1543,3.023,0,0.022,0,1813,0,,0,,13,,,,,
GL1228310008-14,0,8,3,0.1542,3.022,0,0.021,0,1810.61,0,,0,,13,,,,,
GL1228310008-14,-1,8,3,0.1541,3.023,0,0.02,0,1808.92,0,,0,,13,,,,,
GL1228310008-14,-2,8,3,0.1539,3.023,0,0.02,0,1806.06,0,,0,,13,,,,,
GL1228310008-14,-3,9,3,0.1538,3.025,0,0.02,0,1802.4,0,,0,,13,,,,,
GL1228310008-14,-4,9,3,0.1537,3.025,0,0.02,0,1800.05,0,,0,,13,,,,,
GL1228310008-14,-3,8,3,0.1538,3.023,0,0.02,0,1802.99,0,,0,,13,,,,,
GL1228310008-14,-4,8,3,0.1537,3.023,0,0.021,0,1801.13,0,,0,,13,,,,,
GL1228310008-14,-3,7,3,0.1538,3.022,0,0.02,0,1803.24,0,,0,,13,,,,,
GL1228310008-14,-2,7,3,0.1539,3.021,0,0.02,0,1804.57,0,,0,,13,,,,,
GL1228310008-14,-1,7,3,0.1541,3.022,0,0.02,0,1807.26,0,,0,,13,,,,,
GL1228310008-14,0,7,3,0.1542,3.021,0,0.021,0,1810.35,0,,0,,13,,,,,
GL1228310008-14,1,7,3,0.1543,3.021,0,0.022,0,1813,0,,0,,13,,,,,
GL1228310008-14,2,6,3,0.1543,3.017,0,0.02,0,1811.47,0,,0,,13,,,,,
GL1228310008-14,1,6,3,0.1542,3.019,0,0.02,0,1810.52,0,,0,,13,,,,,
GL1228310008-14,0,6,3,0.1542,3.019,0,0.02,0,1809.68,0,,0,,13,,,,,
GL1228310008-14,-1,6,3,0.154,3.019,0,0.02,0,1806.56,0,,0,,13,,,,,
GL1228310008-14,-2,6,3,0.1539,3.018,0,0.021,0,1804.05,0,,0,,13,,,,,
GL1228310008-14,-3,6,3,0.1539,3.021,0,0.022,0,1801.9,0,,0,,14,,,,,
GL1228310008-14,-4,6,3,0.1538,3.021,0,0.022,0,1800.48,0,,0,,14,,,,,
GL1228310008-14,-4,4,3,0.1538,3.019,0,0.022,0,1801.02,0,,0,,14,,,,,
GL1228310008-14,-3,4,3,0.1539,3.017,0,0.022,0,1802.51,0,,0,,14,,,,,
GL1228310008-14,-2,5,3,0.154,3.017,0,0.021,0,1801.99,0,,0,,14,,,,,
GL1228310008-14,-1,5,3,0.154,3.018,0,0.022,0,1804.4,0,,0,,14,,,,,
GL1228310008-14,0,5,3,0.1542,3.018,0,0.022,0,1807.56,0,,0,,14,,,,,
GL1228310008-14,1,5,3,0.1542,3.017,0,0.022,0,1808.44,0,,0,,14,,,,,
GL1228310008-14,2,5,3,0.1543,3.016,0,0.021,0,1810.01,0,,0,,14,,,,,
GL1228310008-14,3,5,3,0.1544,3.015,0,0.02,0,1812.47,0,,0,,14,,,,,
GL1228310008-14,4,5,3,0.1545,3.016,0,0.018,0,1814.74,0,,0,,14,,,,,
GL1228310008-14,5,4,3,0.1544,3.015,0,0.022,0,1813.42,0,,0,,14,,,,,
GL1228310008-14,6,4,3,0.1544,3.015,0,0.021,0,1813.42,0,,0,,14,,,,,
GL1228310008-14,7,4,3,0.1544,3.012,0,0.02,0,1814.72,0,,0,,14,,,,,
GL1228310008-14,8,4,3,0.1544,3.014,0,0.02,0,1815.24,0,,0,,14,,,,,
GL1228310008-14,9,3,3,0.1544,3.014,0,0.02,0,1812.05,0,,0,,14,,,,,
GL1228310008-14,10,3,3,0.1544,3.014,0,0.02,0,1810.75,0,,0,,14,,,,,
GL1228310008-14,10,2,3,0.1543,3.015,0,0.022,0,1810.7,0,,0,,14,,,,,
GL1228310008-14,9,2,3,0.1543,3.015,0,0.022,0,1810.95,0,,0,,14,,,,,
GL1228310008-14,8,3,3,0.1544,3.014,0,0.021,0,1811.94,0,,0,,14,,,,,
GL1228310008-14,7,3,3,0.1544,3.012,0,0.022,0,1812.28,0,,0,,14,,,,,
GL1228310008-14,6,3,3,0.1544,3.014,0,0.023,0,1812.32,0,,0,,14,,,,,
GL1228310008-14,5,3,3,0.1544,3.015,0,0.022,0,1809.6,0,,0,,14,,,,,
GL1228310008-14,4,4,3,0.1543,3.016,0,0.023,0,1811.53,0,,0,,14,,,,,
GL1228310008-14,3,4,3,0.1543,3.014,0,0.022,0,1810.9,0,,0,,14,,,,,
GL1228310008-14,2,4,3,0.1542,3.015,0,0.02,0,1809.53,0,,0,,14,,,,,
GL1228310008-14,1,4,3,0.1542,3.016,0,0.02,0,1808.52,0,,0,,14,,,,,
GL1228310008-14,0,4,3,0.1541,3.017,0,0.02,0,1806.36,0,,0,,14,,,,,
GL1228310008-14,-1,4,3,0.154,3.016,0,0.021,0,1805.21,0,,0,,14,,,,,
GL1228310008-14,-2,4,3,0.154,3.016,0,0.022,0,1804.19,0,,0,,14,,,,,
GL1228310008-14,-1,3,3,0.154,3.015,0,0.022,0,1805.1,0,,0,,14,,,,,
GL1228310008-14,0,3,3,0.1541,3.016,0,0.022,0,1805.9,0,,0,,14,,,,,
GL1228310008-14,1,3,3,0.1541,3.014,0,0.021,0,1807.54,0,,0,,14,,,,,
GL1228310008-14,2,3,3,0.1542,3.016,0,0.02,0,1808.49,0,,0,,15,,,,,
GL1228310008-14,3,3,3,0.1543,3.016,0,0.02,0,1809.12,0,,0,,15,,,,,
GL1228310008-14,4,3,3,0.1543,3.016,0,0.021,0,1809.04,0,,0,,15,,,,,
GL1228310008-14,5,2,3,0.1542,3.015,0,0.02,0,1811.12,0,,0,,15,,,,,
GL1228310008-14,6,2,3,0.1543,3.014,0,0.021,0,1808.87,0,,0,,15,,,,,
GL1228310008-14,7,2,3,0.1543,3.012,0,0.021,0,1809.65,0,,0,,15,,,,,
GL1228310008-14,8,2,3,0.1543,3.015,0,0.022,0,1810.23,0,,0,,15,,,,,
GL1228310008-14,9,1,3,0.1542,3.015,0,0.022,0,1809.24,0,,0,,15,,,,,
GL1228310008-14,10,0,3,0.1542,3.015,0,0.021,0,1808.24,0,,0,,15,,,,,
GL1228310008-14,11,-1,3,0.1543,3.014,0,0.022,0,1807.87,0,,0,,15,,,,,
GL1228310008-14,12,-2,3,0.1542,3.01,0,0.022,0,1807.2,0,,0,,15,,,,,
GL1228310008-14,13,-3,3,0.1542,3.008,0,0.02,0,1803.29,0,,0,,15,,,,,
GL1228310008-14,14,-4,3,0.1542,3.005,0,0.02,0,1801.72,0,,0,,15,,,,,
GL1228310008-14,13,-4,3,0.1542,3.007,0,0.019,0,1802.75,0,,0,,15,,,,,
GL1228310008-14,12,-4,3,0.1542,3.009,0,0.02,0,1801.33,0,,0,,15,,,,,
GL1228310008-14,11,-4,3,0.1542,3.01,0,0.02,0,1802.43,0,,0,,15,,,,,
GL1228310008-14,10,-5,3,0.1542,3.01,0,0.02,0,1801.54,0,,0,,15,,,,,
GL1228310008-14,10,-4,3,0.1542,3.012,0,0.021,0,1803.61,0,,0,,15,,,,,
GL1228310008-14,9,-4,3,0.1542,3.012,0,0.022,0,1802.93,0,,0,,15,,,,,
GL1228310008-14,8,-5,3,0.1541,3.011,0,0.02,0,1800.42,0,,0,,15,,,,,
GL1228310008-14,8,-4,3,0.1542,3.012,0,0.022,0,1803.19,0,,0,,15,,,,,
GL1228310008-14,7,-4,3,0.1542,3.013,0,0.021,0,1802.46,0,,0,,15,,,,,
GL1228310008-14,6,-5,3,0.1542,3.011,0,0.02,0,1800.02,0,,0,,15,,,,,
GL1228310008-14,6,-4,3,0.1542,3.012,0,0.021,0,1802.56,0,,0,,15,,,,,
GL1228310008-14,5,-4,3,0.1542,3.014,0,0.02,0,1802.17,0,,0,,15,,,,,
GL1228310008-14,4,-4,3,0.1541,3.013,0,0.02,0,1800.67,0,,0,,15,,,,,
GL1228310008-14,3,-4,3,0.1541,3.013,0,0.021,0,1800.25,0,,0,,15,,,,,
GL1228310008-14,2,-4,3,0.1541,3.012,0,0.022,0,1800.02,0,,0,,15,,,,,
GL1228310008-14,2,-3,3,0.1542,3.012,0,0.021,0,1802.19,0,,0,,15,,,,,
GL1228310008-14,1,-3,3,0.1541,3.013,0,0.022,0,1801.98,0,,0,,15,,,,,
GL1228310008-14,2,-2,3,0.1542,3.012,0,0.021,0,1805.04,0,,0,,15,,,,,
GL1228310008-14,3,-2,3,0.1542,3.012,0,0.022,0,1805.12,0,,0,,15,,,,,
GL1228310008-14,4,-3,3,0.1541,3.013,0,0.02,0,1803.25,0,,0,,15,,,,,
GL1228310008-14,5,-3,3,0.1542,3.013,0,0.02,0,1804.66,0,,0,,16,,,,,
GL1228310008-14,6,-3,3,0.1542,3.012,0,0.021,0,1805.5,0,,0,,16,,,,,
GL1228310008-14,7,-3,3,0.1542,3.014,0,0.022,0,1804.62,0,,0,,16,,,,,
GL1228310008-14,8,-3,3,0.1543,3.014,0,0.02,0,1806.8,0,,0,,16,,,,,
GL1228310008-14,9,-3,3,0.1542,3.014,0,0.022,0,1805.85,0,,0,,16,,,,,
GL1228310008-14,10,-3,3,0.1542,3.013,0,0.023,0,1805.94,0,,0,,16,,,,,
GL1228310008-14,11,-3,3,0.1542,3.011,0,0.022,0,1805.27,0,,0,,16,,,,,
GL1228310008-14,12,-3,3,0.1542,3.01,0,0.021,0,1805.07,0,,0,,16,,,,,
GL1228310008-14,11,-2,3,0.1542,3.013,0,0.021,0,1807.41,0,,0,,16,,,,,
GL1228310008-14,10,-2,3,0.1542,3.014,0,0.021,0,1807.96,0,,0,,16,,,,,
GL1228310008-14,9,-2,3,0.1542,3.015,0,0.02,0,1807.71,0,,0,,16,,,,,
GL1228310008-14,8,-2,3,0.1542,3.015,0,0.02,0,1807.43,0,,0,,16,,,,,
GL1228310008-14,7,-2,3,0.1542,3.013,0,0.021,0,1807.48,0,,0,,16,,,,,
GL1228310008-14,6,-2,3,0.1542,3.013,0,0.021,0,1807.38,0,,0,,16,,,,,
GL1228310008-14,5,-2,3,0.1542,3.014,0,0.022,0,1806.59,0,,0,,16,,,,,
GL1228310008-14,4,-2,3,0.1542,3.014,0,0.022,0,1805.96,0,,0,,16,,,,,
GL1228310008-14,5,-1,3,0.1542,3.015,0,0.022,0,1808.41,0,,0,,16,,,,,
GL1228310008-14,6,-1,3,0.1542,3.013,0,0.021,0,1808.44,0,,0,,16,,,,,
GL1228310008-14,7,-1,3,0.1542,3.013,0,0.02,0,1808.16,0,,0,,16,,,,,
GL1228310008-14,8,-1,3,0.1543,3.016,0,0.02,0,1807.73,0,,0,,16,,,,,
GL1228310008-14,9,-1,3,0.1543,3.016,0,0.02,0,1807.23,0,,0,,16,,,,,
GL1228310008-14,10,-1,3,0.1542,3.015,0,0.021,0,1807.65,0,,0,,16,,,,,
GL1228310008-14,9,0,3,0.1542,3.016,0,0.022,0,1808.97,0,,0,,16,,,,,
GL1228310008-14,8,0,3,0.1542,3.017,0,0.023,0,1809.05,0,,0,,16,,,,,
GL1228310008-14,7,0,3,0.1542,3.012,0,0.022,0,1809,0,,0,,16,,,,,
GL1228310008-14,6,0,3,0.1542,3.014,0,0.02,0,1809.77,0,,0,,16,,,,,
GL1228310008-14,5,0,3,0.1542,3.015,0,0.02,0,1808.48,0,,0,,16,,,,,
GL1228310008-14,4,-1,3,0.1542,3.013,0,0.023,0,1807.01,0,,0,,16,,,,,
GL1228310008-14,3,-1,3,0.1542,3.012,0,0.022,0,1806.59,0,,0,,16,,,,,
GL1228310008-14,2,-1,3,0.1542,3.013,0,0.021,0,1805.67,0,,0,,16,,,,,
GL1228310008-14,1,-2,3,0.1541,3.013,0,0.02,0,1805.18,0,,0,,16,,,,,
GL1228310008-14,1,-1,3,0.1541,3.016,0,0.02,0,1804.62,0,,0,,16,,,,,
GL1228310008-14,2,0,3,0.1542,3.013,0,0.021,0,1807.13,0,,0,,16,,,,,
GL1228310008-14,3,0,3,0.1542,3.012,0,0.021,0,1807.4,0,,0,,17,,,,,
GL1228310008-14,4,0,3,0.1542,3.012,0,0.02,0,1808.18,0,,0,,17,,,,,
GL1228310008-14,5,1,3,0.1542,3.015,0,0.022,0,1809.19,0,,0,,17,,,,,
GL1228310008-14,6,1,3,0.1543,3.014,0,0.022,0,1809.61,0,,0,,17,,,,,
GL1228310008-14,7,1,3,0.1543,3.012,0,0.019,0,1808.62,0,,0,,17,,,,,
GL1228310008-14,8,1,3,0.1543,3.016,0,0.022,0,1808.36,0,,0,,17,,,,,
GL1228310008-14,10,1,3,0.1542,3.015,0,0.021,0,1807.76,0,,0,,17,,,,,
GL1228310008-14,12,1,3,0.1542,3.012,0,0.02,0,1809.1,0,,0,,17,,,,,
GL1228310008-14,13,0,3,0.1541,3.011,0,0.02,0,1806.69,0,,0,,17,,,,,
GL1228310008-14,14,-1,3,0.1542,3.009,0,0.021,0,1806.33,0,,0,,17,,,,,
GL1228310008-14,14,-2,3,0.1542,3.007,0,0.021,0,1805.27,0,,0,,17,,,,,
GL1228310008-14,14,-3,3,0.1542,3.006,0,0.02,0,1802.63,0,,0,,17,,,,,
GL1228310008-14,13,-1,3,0.1542,3.01,0,0.021,0,1806.1,0,,0,,17,,,,,
GL1228310008-14,12,-1,3,0.1542,3.011,0,0.023,0,1807.67,0,,0,,17,,,,,
GL1228310008-14,12,0,3,0.1542,3.012,0,0.02,0,1808.16,0,,0,,17,,,,,
GL1228310008-14,13,1,3,0.1541,3.012,0,0.02,0,1808.62,0,,0,,17,,,,,
GL1228310008-14,14,1,3,0.1541,3.012,0,0.021,0,1806.85,0,,0,,17,,,,,
GL1228310008-14,14,2,3,0.1541,3.014,0,0.021,0,1807.05,0,,0,,17,,,,,
GL1228310008-14,14,3,3,0.1542,3.013,0,0.022,0,1807.61,0,,0,,17,,,,,
GL1228310008-14,13,3,3,0.1543,3.011,0,0.022,0,1809.68,0,,0,,17,,,,,
GL1228310008-14,13,2,3,0.1542,3.012,0,0.022,0,1808.94,0,,0,,17,,,,,
GL1228310008-14,4,2,3,0.1542,3.012,0,0.02,0,1810.18,0,,0,,17,,,,,
GL1228310008-14,3,2,3,0.1542,3.014,0,0.021,0,1809.08,0,,0,,17,,,,,
GL1228310008-14,2,2,3,0.1542,3.016,0,0.022,0,1808.37,0,,0,,17,,,,,
GL1228310008-14,1,2,3,0.1541,3.013,0,0.022,0,1807.16,0,,0,,17,,,,,
GL1228310008-14,0,2,3,0.1541,3.014,0,0.021,0,1805.76,0,,0,,17,,,,,
GL1228310008-14,-1,2,3,0.154,3.014,0,0.02,0,1804.16,0,,0,,17,,,,,
GL1228310008-14,-2,3,3,0.154,3.015,0,0.022,0,1803.23,0,,0,,17,,,,,
GL1228310008-14,-3,3,3,0.1539,3.015,0,0.021,0,1801.55,0,,0,,17,,,,,
GL1228310008-14,-4,3,3,0.1538,3.018,0,0.02,0,1800.92,0,,0,,17,,,,,
GL1228310008-14,-3,2,3,0.1539,3.013,0,0.02,0,1801.77,0,,0,,17,,,,,
GL1228310008-14,-2,2,3,0.154,3.014,0,0.02,0,1803.32,0,,0,,17,,,,,
GL1228310008-14,-1,1,3,0.154,3.014,0,0.021,0,1803.59,0,,0,,17,,,,,
GL1228310008-14,0,0,3,0.1541,3.015,0,0.022,0,1804.24,0,,0,,18,,,,,
GL1228310008-14,1,0,3,0.1541,3.014,0,0.022,0,1805.97,0,,0,,18,,,,,
GL1228310008-14,2,1,3,0.1541,3.014,0,0.02,0,1806.84,0,,0,,18,,,,,
GL1228310008-14,3,1,3,0.1542,3.012,0,0.02,0,1807.7,0,,0,,18,,,,,
GL1228310008-14,1,1,3,0.1541,3.013,0,0.02,0,1806.23,0,,0,,18,,,,,
GL1228310008-14,0,1,3,0.1541,3.014,0,0.02,0,1804.65,0,,0,,18,,,,,
GL1228310008-14,-1,0,3,0.1541,3.015,0,0.019,0,1804.25,0,,0,,18,,,,,
GL1228310008-14,-2,-1,3,0.154,3.014,0,0.022,0,1801.94,0,,0,,18,,,,,
GL1228310008-14,-2,0,3,0.1539,3.014,0,0.022,0,1801.27,0,,0,,18,,,,,
GL1228310008-14,-3,0,3,0.1539,3.014,0,0.021,0,1800.81,0,,0,,18,,,,,
GL1228310008-14,-2,1,3,0.154,3.014,0,0.022,0,1801.69,0,,0,,18,,,,,
GL1228310008-14,-4,2,3,0.1538,3.017,0,0.021,0,1800.59,0,,0,,18,,,,,
GL1228310008-14,-5,11,3,0.1536,3.027,0,0.017,0,1800.43,0,,0,,18,,,,,
GL1228310008-14,-4,13,3,0.1537,3.028,0,0.02,0,1800.87,0,,0,,18,,,,,
GL1229070011-09,22,20,3,0.1546,3.082,0,0.021,0,1801.5,0,,0,,18,,,,,
GL1229070011-09,21,20,3,0.1548,3.084,0,0.023,0,1803.59,0,,0,,18,,,,,
GL1229070011-09,20,20,3,0.1549,3.083,0,0.021,0,1806.02,0,,0,,18,,,,,
GL1229070011-09,19,20,3,0.1549,3.086,0,0.022,0,1806.99,0,,0,,18,,,,,
GL1229070011-09,18,20,3,0.1551,3.085,0,0.022,0,1807.96,0,,0,,18,,,,,
GL1229070011-09,17,20,3,0.1551,3.087,0,0.021,0,1809.58,0,,0,,18,,,,,
GL1229070011-09,16,20,3,0.1553,3.089,0,0.023,0,1814.47,0,,0,,18,,,,,
GL1229070011-09,16,19,3,0.1553,3.087,0,0.023,0,1813.09,0,,0,,18,,,,,
GL1229070011-09,17,19,3,0.1552,3.086,0,0.02,0,1809.83,0,,0,,18,,,,,
GL1229070011-09,18,19,3,0.1551,3.084,0,0.023,0,1809.28,0,,0,,18,,,,,
GL1229070011-09,19,19,3,0.155,3.084,0,0.021,0,1807.77,0,,0,,18,,,,,
GL1229070011-09,20,19,3,0.1549,3.083,0,0.022,0,1805.47,0,,0,,18,,,,,
GL1229070011-09,21,19,3,0.1549,3.083,0,0.019,0,1805.72,0,,0,,18,,,,,
GL1229070011-09,22,19,3,0.1547,3.081,0,0.023,0,1804.72,0,,0,,18,,,,,
GL1229070011-09,23,20,3,0.1545,3.083,0,0.023,0,1800.81,0,,0,,18,,,,,
GL1229070011-09,23,19,3,0.1546,3.082,0,0.018,0,1802.81,0,,0,,18,,,,,
GL1229070011-09,22,18,3,0.1547,3.08,0,0.02,0,1806.33,0,,0,,18,,,,,
GL1229070011-09,21,18,3,0.1548,3.081,0,0.022,0,1807.47,0,,0,,18,,,,,
GL1229070011-09,20,18,3,0.1549,3.082,0,0.021,0,1805.56,0,,0,,18,,,,,
GL1229070011-09,19,18,3,0.155,3.084,0,0.008,0,1809.03,0,,0,,19,,,,,
GL1229070011-09,18,18,3,0.1551,3.083,0,0.02,0,1812.4,0,,0,,19,,,,,
GL1229070011-09,17,18,3,0.1552,3.086,0,0.023,0,1813.7,0,,0,,19,,,,,
GL1229070011-09,16,18,3,0.1553,3.086,0,0.02,0,1813.73,0,,0,,19,,,,,
GL1229070011-09,16,17,3,0.1554,3.084,0,0.02,0,1814.06,0,,0,,19,,,,,
GL1229070011-09,17,17,3,0.1553,3.084,0,0.023,0,1813.59,0,,0,,19,,,,,
GL1229070011-09,18,17,3,0.1552,3.082,0,0.021,0,1811.25,0,,0,,19,,,,,
GL1229070011-09,17,16,3,0.1554,3.084,0,0.02,0,1814.08,0,,0,,19,,,,,
GL1229070011-09,16,16,3,0.1554,3.083,0,0.023,0,1816.04,0,,0,,19,,,,,
GL1229070011-09,16,15,3,0.1555,3.082,0,0.02,0,1816.67,0,,0,,19,,,,,
GL1229070011-09,16,14,3,0.1557,3.081,0,0.016,0,1821.13,0,,0,,19,,,,,
GL1229070011-09,17,14,3,0.1555,3.083,0,0.011,0,1819.25,0,,0,,19,,,,,
GL1229070011-09,18,15,3,0.1553,3.081,0,0.02,0,1817.09,0,,0,,19,,,,,
GL1229070011-09,18,16,3,0.1553,3.082,0,0.022,0,1815.49,0,,0,,19,,,,,
GL1229070011-09,19,15,3,0.1552,3.08,0,0.023,0,1815.37,0,,0,,19,,,,,
GL1229070011-09,20,15,3,0.1552,3.078,0,0.021,0,1814.64,0,,0,,19,,,,,
GL1229070011-09,21,16,3,0.155,3.079,0,0.029,0,1810.97,0,,0,,19,,,,,
GL1229070011-09,21,17,3,0.1549,3.08,0,0.022,0,1808.93,0,,0,,19,,,,,
GL1229070011-09,22,17,3,0.1548,3.079,0,0.017,0,1806,0,,0,,19,,,,,
GL1229070011-09,23,18,3,0.1545,3.08,0,0.021,0,1803.35,0,,0,,19,,,,,
GL1229070011-09,24,18,3,0.1544,3.08,0,0.022,0,1801.22,0,,0,,19,,,,,
GL1229070011-09,25,18,3,0.1543,3.081,0,0.019,0,1800.54,0,,0,,19,,,,,
GL1229070011-09,26,18,3,0.1542,3.08,0,0.023,0,1800.14,0,,0,,19,,,,,
GL1229070011-09,25,17,3,0.1545,3.08,0,0.023,0,1801.07,0,,0,,19,,,,,
GL1229070011-09,24,17,3,0.1546,3.079,0,0.02,0,1809.95,0,,0,,19,,,,,
GL1229070011-09,23,17,3,0.1547,3.078,0,0.023,0,1805,0,,0,,19,,,,,
GL1229070011-09,22,16,3,0.1549,3.079,0,0.021,0,1809.66,0,,0,,19,,,,,
GL1229070011-09,23,16,3,0.1547,3.078,0,0.022,0,1807.24,0,,0,,19,,,,,
GL1229070011-09,24,16,3,0.1547,3.078,0,0.021,0,1805.83,0,,0,,19,,,,,
GL1229070011-09,25,16,3,0.1546,3.078,0,0.021,0,1805.03,0,,0,,19,,,,,
GL1229070011-09,26,17,3,0.1544,3.079,0,0.02,0,1800.53,0,,0,,19,,,,,
GL1229070011-09,26,16,3,0.1545,3.078,0,0.019,0,1801.28,0,,0,,19,,,,,
GL1229070011-09,27,16,3,0.1544,3.079,0,0.022,0,1801.78,0,,0,,19,,,,,
GL1229070011-09,28,16,3,0.1544,3.08,0,0.022,0,1802.2,0,,0,,20,,,,,
GL1229070011-09,29,16,3,0.1543,3.08,0,0.021,0,1800.14,0,,0,,20,,,,,
GL1229070011-09,28,15,3,0.1544,3.08,0,0.023,0,1802.9,0,,0,,20,,,,,
GL1229070011-09,29,15,3,0.1544,3.079,0,0.02,0,1800.2,0,,0,,20,,,,,
GL1229070011-09,28,14,3,0.1546,3.079,0,0.02,0,1803.74,0,,0,,20,,,,,
GL1229070011-09,27,14,3,0.1547,3.078,0,0.017,0,1806.22,0,,0,,20,,,,,
GL1229070011-09,26,14,3,0.1548,3.079,0,0.018,0,1806.88,0,,0,,20,,,,,
GL1229070011-09,25,15,3,0.1546,3.077,0,0.022,0,1805.36,0,,0,,20,,,,,
GL1229070011-09,24,15,3,0.1547,3.077,0,0.021,0,1807.69,0,,0,,20,,,,,
GL1229070011-09,23,15,3,0.1549,3.078,0,0.022,0,1809.15,0,,0,,20,,,,,
GL1229070011-09,22,15,3,0.155,3.079,0,0.02,0,1811.21,0,,0,,20,,,,,
GL1229070011-09,21,15,3,0.1551,3.078,0,0.022,0,1812.86,0,,0,,20,,,,,
GL1229070011-09,20,14,3,0.1553,3.078,0,0.004,0,1815.69,0,,0,,20,,,,,
GL1229070011-09,19,14,3,0.1553,3.08,0,0.023,0,1817.39,0,,0,,20,,,,,
GL1229070011-09,18,14,3,0.1554,3.081,0,0.021,0,1818.23,0,,0,,20,,,,,
GL1229070011-09,18,13,3,0.1555,3.08,0,0.021,0,1819.89,0,,0,,20,,,,,
GL1229070011-09,18,12,3,0.1556,3.08,0,0.022,0,1821.46,0,,0,,20,,,,,
GL1229070011-09,19,12,3,0.1556,3.078,0,0.022,0,1821.43,0,,0,,20,,,,,
GL1229070011-09,20,13,3,0.1554,3.077,0,0.022,0,1816.61,0,,0,,20,,,,,
GL1229070011-09,20,12,3,0.1555,3.077,0,0.021,0,1819.24,0,,0,,20,,,,,
GL1229070011-09,19,11,3,0.1556,3.077,0,0.019,0,1821.52,0,,0,,20,,,,,
GL1229070011-09,18,11,3,0.1557,3.08,0,0.021,0,1823.38,0,,0,,20,,,,,
GL1229070011-09,17,11,3,0.1558,3.079,0,0.023,0,1824.26,0,,0,,20,,,,,
GL1229070011-09,16,12,3,0.1558,3.079,0,0.023,0,1824.9,0,,0,,20,,,,,
GL1229070011-09,16,13,3,0.1557,3.08,0,0.095,0,1821.53,0,,0,,20,,,,,
GL1229070011-09,16,11,3,0.1559,3.079,0,0.02,0,1826.22,0,,0,,20,,,,,
GL1229070011-09,16,10,3,0.1559,3.079,0,0.023,0,1827.35,0,,0,,20,,,,,
GL1229070011-09,17,10,3,0.1559,3.078,0,0.021,0,1826.27,0,,0,,20,,,,,
GL1229070011-09,18,10,3,0.1558,3.079,0,0.021,0,1825.5,0,,0,,20,,,,,
GL1229070011-09,19,10,3,0.1558,3.077,0,0.022,0,1825.44,0,,0,,20,,,,,
GL1229070011-09,20,11,3,0.1556,3.077,0,0.022,0,1821.01,0,,0,,20,,,,,
GL1229070011-09,21,11,3,0.1555,3.077,0,0.02,0,1819.97,0,,0,,20,,,,,
GL1229070011-09,22,12,3,0.1553,3.077,0,0.02,0,1816.36,0,,0,,20,,,,,
GL1229070011-09,22,13,3,0.1552,3.077,0,0.014,0,1813.98,0,,0,,21,,,,,
GL1229070011-09,22,14,3,0.1551,3.078,0,0.02,0,1812.77,0,,0,,21,,,,,
GL1229070011-09,23,13,3,0.1551,3.077,0,0.019,0,1811.43,0,,0,,21,,,,,
GL1229070011-09,24,14,3,0.1549,3.077,0,0.02,0,1808.32,0,,0,,21,,,,,
GL1229070011-09,25,14,3,0.1548,3.076,0,0.023,0,1807.17,0,,0,,21,,,,,
GL1229070011-09,24,13,3,0.155,3.076,0,0.02,0,1810.58,0,,0,,21,,,,,
GL1229070011-09,25,13,3,0.1549,3.077,0,0.018,0,1809.54,0,,0,,21,,,,,
GL1229070011-09,26,13,3,0.1548,3.078,0,0.053,0,1808.68,0,,0,,21,,,,,
GL1229070011-09,27,13,3,0.1548,3.077,0,0.021,0,1807.21,0,,0,,21,,,,,
GL1229070011-09,28,13,3,0.1547,3.078,0,0.021,0,1805.15,0,,0,,21,,,,,
GL1229070011-09,29,14,3,0.1545,3.08,0,0.023,0,1801.88,0,,0,,21,,,,,
GL1229070011-09,30,14,3,0.1545,3.082,0,0.02,0,1801.9,0,,0,,21,,,,,
GL1229070011-09,30,13,3,0.1547,3.08,0,0.001,0,1805.65,0,,0,,21,,,,,
GL1229070011-09,31,13,3,0.1545,3.085,0,0.021,0,1804.71,0,,0,,21,,,,,
GL1229070011-09,30,12,3,0.1547,3.082,0,0.023,0,1808,0,,0,,21,,,,,
GL1229070011-09,29,12,3,0.1548,3.079,0,0.02,0,1809.03,0,,0,,21,,,,,
GL1229070011-09,28,12,3,0.1548,3.078,0,0.022,0,1808.12,0,,0,,21,,,,,
GL1229070011-09,27,12,3,0.1549,3.076,0,0.021,0,1808.37,0,,0,,21,,,,,
GL1229070011-09,26,12,3,0.1549,3.078,0,0.022,0,1810.28,0,,0,,21,,,,,
GL1229070011-09,25,12,3,0.155,3.077,0,0.022,0,1811.5,0,,0,,21,,,,,
GL1229070011-09,24,12,3,0.155,3.076,0,0.02,0,1812.45,0,,0,,21,,,,,
GL1229070011-09,23,12,3,0.1552,3.076,0,0.016,0,1814.42,0,,0,,21,,,,,
GL1229070011-09,22,11,3,0.1554,3.077,0,0.023,0,1818.74,0,,0,,21,,,,,
GL1229070011-09,23,11,3,0.1553,3.077,0,0.021,0,1816.27,0,,0,,21,,,,,
GL1229070011-09,22,10,3,0.1555,3.076,0,0.022,0,1820.45,0,,0,,21,,,,,
GL1229070011-09,21,10,3,0.1557,3.077,0,0.021,0,1824.4,0,,0,,21,,,,,
GL1229070011-09,20,10,3,0.1557,3.077,0,0.019,0,1824.73,0,,0,,21,,,,,
GL1229070011-09,19,9,3,0.1559,3.076,0,0.021,0,1826.86,0,,0,,21,,,,,
GL1229070011-09,18,9,3,0.156,3.077,0,0.023,0,1827.37,0,,0,,21,,,,,
GL1229070011-09,17,9,3,0.156,3.077,0,0.02,0,1828.85,0,,0,,21,,,,,
GL1229070011-09,20,8,3,0.1559,3.077,0,0.02,0,1827.97,0,,0,,21,,,,,
GL1229070011-09,21,9,3,0.1558,3.076,0,0.022,0,1824.12,0,,0,,21,,,,,
GL1229070011-09,21,8,3,0.1558,3.075,0,0.023,0,1826.47,0,,0,,21,,,,,
GL1229070011-09,22,8,3,0.1557,3.075,0,0.02,0,1824.79,0,,0,,22,,,,,
GL1229070011-09,23,9,3,0.1555,3.076,0,0.023,0,1820.29,0,,0,,22,,,,,
GL1229070011-09,23,10,3,0.1554,3.076,0,0.021,0,1818.3,0,,0,,22,,,,,
GL1229070011-09,24,10,3,0.1553,3.077,0,0.021,0,1816.32,0,,0,,22,,,,,
GL1229070011-09,25,11,3,0.1552,3.077,0,0.022,0,1811.96,0,,0,,22,,,,,
GL1229070011-09,26,11,3,0.155,3.077,0,0.021,0,1810.99,0,,0,,22,,,,,
GL1229070011-09,27,11,3,0.1551,3.077,0,0.023,0,1811.3,0,,0,,22,,,,,
GL1229070011-09,28,11,3,0.155,3.078,0,0.02,0,1810.97,0,,0,,22,,,,,
GL1229070011-09,29,11,3,0.155,3.08,0,0.023,0,1811.38,0,,0,,22,,,,,
GL1229070011-09,30,11,3,0.1549,3.082,0,0.021,0,1810.09,0,,0,,22,,,,,
GL1229070011-09,31,11,3,0.1549,3.084,0,0.023,0,1809.96,0,,0,,22,,,,,
GL1229070011-09,32,11,3,0.1549,3.089,0,0.021,0,1808.86,0,,0,,22,,,,,
GL1229070011-09,33,12,3,0.1546,3.092,0,0.021,0,1804.99,0,,0,,22,,,,,
GL1229070011-09,34,13,3,0.1545,3.095,0,0.02,0,1800.08,0,,0,,22,,,,,
GL1229070011-09,34,12,3,0.1547,3.097,0,0.021,0,1802.93,0,,0,,22,,,,,
GL1229070011-09,34,11,3,0.1549,3.099,0,0.022,0,1804.81,0,,0,,22,,,,,
GL1229070011-09,33,10,3,0.1551,3.095,0,0.02,0,1806.14,0,,0,,22,,,,,
GL1229070011-09,32,10,3,0.155,3.09,0,0.023,0,1809.25,0,,0,,22,,,,,
GL1229070011-09,31,10,3,0.155,3.085,0,0.021,0,1812.11,0,,0,,22,,,,,
GL1229070011-09,30,10,3,0.1551,3.082,0,0.022,0,1814.12,0,,0,,22,,,,,
GL1229070011-09,29,10,3,0.1551,3.081,0,0.01,0,1813.57,0,,0,,22,,,,,
GL1229070011-09,30,9,3,0.1552,3.084,0,0.023,0,1811.34,0,,0,,22,,,,,
GL1229070011-09,31,9,3,0.1552,3.087,0,0.02,0,1805.08,0,,0,,22,,,,,
GL1229070011-09,30,8,3,0.1554,3.085,0,0.023,0,1801.95,0,,0,,22,,,,,
GL1229070011-09,29,8,3,0.1554,3.081,0,0.02,0,1811.61,0,,0,,22,,,,,
GL1229070011-09,28,8,3,0.1554,3.079,0,0.023,0,1816.94,0,,0,,22,,,,,
GL1229070011-09,27,9,3,0.1554,3.078,0,0.022,0,1817.05,0,,0,,22,,,,,
GL1229070011-09,26,10,3,0.1552,3.076,0,0.02,0,1815.47,0,,0,,22,,,,,
GL1229070011-09,25,9,3,0.1554,3.076,0,0.023,0,1817.84,0,,0,,22,,,,,
GL1229070011-09,24,9,3,0.1555,3.076,0,0.02,0,1818.34,0,,0,,22,,,,,
GL1229070011-09,25,8,3,0.1555,3.075,0,0.021,0,1820.25,0,,0,,22,,,,,
GL1229070011-09,26,9,3,0.1554,3.077,0,0.021,0,1817.31,0,,0,,23,,,,,
GL1229070011-09,26,8,3,0.1555,3.077,0,0.023,0,1820.71,0,,0,,23,,,,,
GL1229070011-09,27,8,3,0.1555,3.077,0,0.002,0,1817.92,0,,0,,23,,,,,
GL1229070011-09,26,7,3,0.1556,3.077,0,0.02,0,1821.98,0,,0,,23,,,,,
GL1229070011-09,25,7,3,0.1557,3.075,0,0.023,0,1823.2,0,,0,,23,,,,,
GL1229070011-09,24,7,3,0.1557,3.075,0,0.017,0,1822.23,0,,0,,23,,,,,
GL1229070011-09,23,7,3,0.1557,3.074,0,0.022,0,1823.27,0,,0,,23,,,,,
GL1229070011-09,22,7,3,0.1558,3.075,0,0.011,0,1826.09,0,,0,,23,,,,,
GL1229070011-09,21,7,3,0.1559,3.075,0,0.02,0,1826.65,0,,0,,23,,,,,
GL1229070011-09,20,7,3,0.156,3.076,0,0.023,0,1828.14,0,,0,,23,,,,,
GL1229070011-09,21,6,3,0.1561,3.075,0,0.019,0,1828.15,0,,0,,23,,,,,
GL1229070011-09,23,6,3,0.1559,3.074,0,0.021,0,1825.29,0,,0,,23,,,,,
GL1229070011-09,24,6,3,0.1559,3.075,0,0.023,0,1825.27,0,,0,,23,,,,,
GL1229070011-09,25,6,3,0.1559,3.076,0,0.02,0,1824.61,0,,0,,23,,,,,
GL1229070011-09,26,6,3,0.1558,3.078,0,0.023,0,1821.75,0,,0,,23,,,,,
GL1229070011-09,27,6,3,0.1558,3.079,0,0.015,0,1818.94,0,,0,,23,,,,,
GL1229070011-09,28,7,3,0.1556,3.08,0,0.02,0,1814.36,0,,0,,23,,,,,
GL1229070011-09,29,7,3,0.1556,3.082,0,0.021,0,1800.59,0,,0,,23,,,,,
GL1229070011-09,28,5,3,0.1559,3.081,0,0.021,0,1800.05,0,,0,,23,,,,,
GL1229070011-09,27,5,3,0.1559,3.078,0,0.01,0,1817.05,0,,0,,23,,,,,
GL1229070011-09,26,5,3,0.156,3.077,0,0.1,0,1823.25,0,,0,,23,,,,,
GL1229070011-09,25,5,3,0.156,3.075,0,0.009,0,1825.75,0,,0,,23,,,,,
GL1229070011-09,24,5,3,0.156,3.075,0,0.031,0,1827.77,0,,0,,23,,,,,
GL1229070011-09,18,-9,3,0.1557,3.074,0,0.016,0,1802.06,0,,0,,23,,,,,
GL1229070011-09,15,21,3,0.1552,3.091,0,0.023,0,1816.51,0,,0,,23,,,,,
GL1229070011-09,15,22,3,0.1553,3.094,0,0.021,0,1816.01,0,,0,,23,,,,,
GL1229070011-09,14,22,3,0.1554,3.094,0,0.023,0,1817.84,0,,0,,23,,,,,
GL1229070011-09,13,21,3,0.1554,3.092,0,0.022,0,1818.37,0,,0,,23,,,,,
GL1229070011-09,12,21,3,0.1554,3.093,0,0.02,0,1818.55,0,,0,,23,,,,,
GL1229070011-09,11,21,3,0.1554,3.094,0,0.023,0,1881.42,0,,0,,23,,,,,
GL1229070011-09,10,21,3,0.1554,3.096,0,0.021,0,1820.17,0,,0,,23,,,,,
GL1229070011-09,9,21,3,0.1554,3.099,0,0.022,0,1818.48,0,,0,,24,,,,,
GL1229070011-09,10,22,3,0.1554,3.097,0,0.023,0,1818.63,0,,0,,24,,,,,
GL1229070011-09,11,22,3,0.1554,3.097,0,0.02,0,1819.94,0,,0,,24,,,,,
GL1229070011-09,12,23,3,0.1553,3.097,0,0.022,0,1819.98,0,,0,,24,,,,,
GL1229070011-09,13,22,3,0.1554,3.094,0,0.02,0,1818.56,0,,0,,24,,,,,
GL1229070011-09,14,23,3,0.1552,3.095,0,0.022,0,1817.65,0,,0,,24,,,,,
GL1229070011-09,15,23,3,0.1552,3.096,0,0.021,0,1815.34,0,,0,,24,,,,,
GL1229070011-09,15,24,3,0.1552,3.097,0,0.018,0,1820.29,0,,0,,24,,,,,
GL1229070011-09,14,24,3,0.1552,3.096,0,0.015,0,1818.59,0,,0,,24,,,,,
GL1229070011-09,13,23,3,0.1553,3.096,0,0.021,0,1818.03,0,,0,,24,,,,,
GL1229070011-09,13,24,3,0.1553,3.098,0,0.021,0,1818.45,0,,0,,24,,,,,
GL1229070011-09,12,24,3,0.1553,3.099,0,0.021,0,1819.45,0,,0,,24,,,,,
GL1229070011-09,11,23,3,0.1553,3.098,0,0.022,0,1819.17,0,,0,,24,,,,,
GL1229070011-09,10,23,3,0.1554,3.099,0,0.02,0,1819.42,0,,0,,24,,,,,
GL1229070011-09,9,22,3,0.1554,3.1,0,0.02,0,1818.54,0,,0,,24,,,,,
GL1229070011-09,7,21,3,0.1553,3.1,0,0.039,0,1816.45,0,,0,,24,,,,,
GL1229070011-09,3,21,3,0.1551,3.099,0,0.021,0,1813.44,0,,0,,24,,,,,
GL1229070011-09,2,21,3,0.155,3.098,0,0.022,0,1811.14,0,,0,,24,,,,,
GL1229070011-09,1,21,3,0.1549,3.095,0,0.017,0,1810.58,0,,0,,24,,,,,
GL1229070011-09,1,22,3,0.1549,3.098,0,0.018,0,1810.24,0,,0,,24,,,,,
GL1229070011-09,11,24,3,0.1553,3.099,0,0.022,0,1818.77,0,,0,,24,,,,,
GL1229070011-09,12,25,3,0.1552,3.1,0,0.023,0,1817.97,0,,0,,24,,,,,
GL1229070011-09,13,25,3,0.1551,3.1,0,0.018,0,1816.72,0,,0,,24,,,,,
GL1229070011-09,14,25,3,0.1551,3.098,0,0.021,0,1815.84,0,,0,,24,,,,,
GL1229070011-09,16,25,3,0.155,3.1,0,0.02,0,1814.12,0,,0,,24,,,,,
GL1229070011-09,17,24,3,0.155,3.095,0,0.022,0,1810.68,0,,0,,24,,,,,
GL1229070011-09,16,23,3,0.1551,3.094,0,0.022,0,1812.82,0,,0,,24,,,,,
GL1229070011-09,16,22,3,0.1551,3.091,0,0.023,0,1813.16,0,,0,,24,,,,,
GL1229070011-09,16,21,3,0.1552,3.09,0,0.021,0,1814.56,0,,0,,24,,,,,
GL1229070011-09,17,21,3,0.155,3.088,0,0.021,0,1811.05,0,,0,,24,,,,,
GL1229070011-09,18,21,3,0.1549,3.086,0,0.022,0,1807.74,0,,0,,24,,,,,
GL1229070011-09,19,21,3,0.1548,3.088,0,0.021,0,1806.83,0,,0,,25,,,,,
GL1229070011-09,20,21,3,0.1549,3.085,0,0.018,0,1806.08,0,,0,,25,,,,,
GL1229070011-09,21,21,3,0.1546,3.085,0,0.022,0,1804.23,0,,0,,25,,,,,
GL1229070011-09,22,21,3,0.1545,3.084,0,0.021,0,1802.86,0,,0,,25,,,,,
GL1229070011-09,21,22,3,0.1547,3.086,0,0.021,0,1803.24,0,,0,,25,,,,,
GL1229070011-09,22,22,3,0.1545,3.086,0,0.022,0,1801.28,0,,0,,25,,,,,
GL1229070011-09,23,22,3,0.1544,3.086,0,0.021,0,1801.68,0,,0,,25,,,,,
GL1229070011-09,24,22,3,0.1543,3.086,0,0.021,0,1800.31,0,,0,,25,,,,,
GL1229070011-09,23,23,3,0.1545,3.089,0,0.021,0,1800.07,0,,0,,25,,,,,
GL1229070011-09,22,23,3,0.1546,3.088,0,0.022,0,1800.93,0,,0,,25,,,,,
GL1229070011-09,21,23,3,0.1547,3.088,0,0.02,0,1803.54,0,,0,,25,,,,,
GL1229070011-09,20,23,3,0.1547,3.089,0,0.023,0,1804.41,0,,0,,25,,,,,
GL1229070011-09,19,22,3,0.1549,3.089,0,0.021,0,1806.35,0,,0,,25,,,,,
GL1229070011-09,18,22,3,0.155,3.089,0,0.023,0,1809.34,0,,0,,25,,,,,
GL1229070011-09,17,22,3,0.155,3.09,0,0.015,0,1811.68,0,,0,,25,,,,,
GL1229070011-09,17,23,3,0.155,3.092,0,0.021,0,1809.58,0,,0,,25,,,,,
GL1229070011-09,18,23,3,0.1549,3.091,0,0.023,0,1810.29,0,,0,,25,,,,,
GL1229070011-09,19,23,3,0.1549,3.09,0,0.02,0,1808.51,0,,0,,25,,,,,
GL1229070011-09,18,24,3,0.1549,3.093,0,0.022,0,1809.36,0,,0,,25,,,,,
GL1229070011-09,19,24,3,0.1548,3.091,0,0.021,0,1808.44,0,,0,,25,,,,,
GL1229070011-09,20,24,3,0.1547,3.091,0,0.022,0,1806.27,0,,0,,25,,,,,
GL1229070011-09,21,24,3,0.1546,3.09,0,0.021,0,1804.01,0,,0,,25,,,,,
GL1229070011-09,22,24,3,0.1545,3.09,0,0.014,0,1802.01,0,,0,,25,,,,,
GL1229070011-09,23,24,3,0.1544,3.092,0,0.02,0,1801.19,0,,0,,25,,,,,
GL1229070011-09,22,25,3,0.1545,3.093,0,0.022,0,1802.11,0,,0,,25,,,,,
GL1229070011-09,22,26,3,0.1545,3.096,0,0.021,0,1803.03,0,,0,,25,,,,,
GL1229070011-09,21,27,3,0.1546,3.1,0,0.021,0,1806.96,0,,0,,25,,,,,
GL1229070011-09,20,26,3,0.1547,3.097,0,0.021,0,1808.45,0,,0,,25,,,,,
GL1229070011-09,20,25,3,0.1546,3.094,0,0.021,0,1807.46,0,,0,,25,,,,,
GL1229070011-09,19,26,3,0.1548,3.096,0,0.023,0,1809.95,0,,0,,26,,,,,
GL1229070011-09,18,25,3,0.1548,3.096,0,0.021,0,1809.55,0,,0,,26,,,,,
GL1229070011-09,17,25,3,0.1549,3.098,0,0.023,0,1811.85,0,,0,,26,,,,,
GL1229070011-09,18,26,3,0.1548,3.099,0,0.021,0,1812.29,0,,0,,26,,,,,
GL1229070011-09,19,27,3,0.1547,3.1,0,0.02,0,1810.83,0,,0,,26,,,,,
GL1229070011-09,20,27,3,0.1547,3.1,0,0.023,0,1809.19,0,,0,,26,,,,,
GL1229070011-09,23,27,3,0.1545,3.1,0,0.023,0,1801.29,0,,0,,26,,,,,
GL1229070011-09,24,26,3,0.1544,3.095,0,0.021,0,1802.54,0,,0,,26,,,,,
GL1229070011-09,24,25,3,0.1544,3.092,0,0.023,0,1801.43,0,,0,,26,,,,,
GL1229070011-09,25,25,3,0.1543,3.092,0,0.021,0,1800.4,0,,0,,26,,,,,
GL1229070011-09,25,26,3,0.1543,3.096,0,0.02,0,1802.46,0,,0,,26,,,,,
GL1229070011-09,26,26,3,0.1543,3.097,0,0.021,0,1802.19,0,,0,,26,,,,,
GL1229070011-09,25,27,3,0.1543,3.099,0,0.023,0,1801.34,0,,0,,26,,,,,
GL1229070011-09,24,27,3,0.1544,3.099,0,0.02,0,1801.88,0,,0,,26,,,,,
GL1229070011-09,26,27,3,0.1542,3.1,0,0.021,0,1800.31,0,,0,,26,,,,,
GL1229070011-09,15,20,3,0.1553,3.089,0,0.02,0,1816.72,0,,0,,26,,,,,
GL1229070011-09,14,20,3,0.1554,3.09,0,0.019,0,1818.27,0,,0,,26,,,,,
GL1229070011-09,13,20,3,0.1554,3.091,0,0.021,0,1819.73,0,,0,,26,,,,,
GL1229070011-09,12,20,3,0.1555,3.091,0,0.019,0,1820.5,0,,0,,26,,,,,
GL1229070011-09,14,19,3,0.1554,3.088,0,0.022,0,1818.44,0,,0,,26,,,,,
GL1229070011-09,15,19,3,0.1554,3.088,0,0.021,0,1817.53,0,,0,,26,,,,,
GL1229070011-09,15,18,3,0.1554,3.086,0,0.023,0,1816.2,0,,0,,26,,,,,
GL1229070011-09,14,18,3,0.1554,3.087,0,0.02,0,1818.88,0,,0,,26,,,,,
GL1229070011-09,13,19,3,0.1555,3.089,0,0.022,0,1820.33,0,,0,,26,,,,,
GL1229070011-09,12,19,3,0.1555,3.09,0,0.021,0,1821.39,0,,0,,26,,,,,
GL1229070011-09,11,19,3,0.1556,3.09,0,0.023,0,1821.49,0,,0,,26,,,,,
GL1229070011-09,10,20,3,0.1555,3.093,0,0.022,0,1821.02,0,,0,,26,,,,,
GL1229070011-09,9,20,3,0.1555,3.096,0,0.022,0,1820.05,0,,0,,26,,,,,
GL1229070011-09,8,20,3,0.1554,3.096,0,0.021,0,1818.58,0,,0,,26,,,,,
GL1229070011-09,7,20,3,0.1553,3.096,0,0.022,0,1816.97,0,,0,,27,,,,,
GL1229070011-09,6,20,3,0.1553,3.099,0,0.02,0,1815.16,0,,0,,27,,,,,
GL1229070011-09,5,20,3,0.1552,3.097,0,0.023,0,1814.2,0,,0,,27,,,,,
GL1229070011-09,4,20,3,0.1552,3.099,0,0.021,0,1812.91,0,,0,,27,,,,,
GL1229070011-09,3,20,3,0.1551,3.096,0,0.022,0,1811.82,0,,0,,27,,,,,
GL1229070011-09,2,20,3,0.155,3.095,0,0.021,0,1810.23,0,,0,,27,,,,,
GL1229070011-09,1,20,3,0.1549,3.093,0,0.021,0,1808.25,0,,0,,27,,,,,
GL1229070011-09,2,19,3,0.155,3.092,0,0.021,0,1810.94,0,,0,,27,,,,,
GL1229070011-09,3,19,3,0.1551,3.093,0,0.022,0,1812.61,0,,0,,27,,,,,
GL1229070011-09,4,19,3,0.1552,3.095,0,0.02,0,1813.45,0,,0,,27,,,,,
GL1229070011-09,5,19,3,0.1552,3.095,0,0.023,0,1814.83,0,,0,,27,,,,,
GL1229070011-09,6,18,3,0.1554,3.093,0,0.002,0,1816.67,0,,0,,27,,,,,
GL1229070011-09,5,18,3,0.1553,3.092,0,0.022,0,1814.99,0,,0,,27,,,,,
GL1229070011-09,4,18,3,0.1552,3.092,0,0.021,0,1813.06,0,,0,,27,,,,,
GL1229070011-09,3,18,3,0.1551,3.09,0,0.022,0,1810.13,0,,0,,27,,,,,
GL1229070011-09,2,18,3,0.155,3.089,0,0.021,0,1808.31,0,,0,,27,,,,,
GL1229070011-09,1,19,3,0.1548,3.09,0,0.015,0,1809.11,0,,0,,27,,,,,
GL1229070011-09,0,19,3,0.1549,3.088,0,0.018,0,1810.89,0,,0,,27,,,,,
GL1229070011-09,1,18,3,0.1549,3.088,0,0.019,0,1806.72,0,,0,,27,,,,,
GL1229070011-09,0,18,3,0.1548,3.087,0,0.034,0,1804.57,0,,0,,27,,,,,
GL1229070011-09,1,17,3,0.1549,3.086,0,0.021,0,1808.09,0,,0,,27,,,,,
GL1229070011-09,2,16,3,0.1551,3.085,0,0.022,0,1808.64,0,,0,,27,,,,,
GL1229070011-09,3,17,3,0.1551,3.087,0,0.021,0,1811.57,0,,0,,27,,,,,
GL1229070011-09,4,17,3,0.1552,3.089,0,0.023,0,1814.07,0,,0,,27,,,,,
GL1229070011-09,5,17,3,0.1553,3.09,0,0.02,0,1816.89,0,,0,,27,,,,,
GL1229070011-09,6,17,3,0.1555,3.091,0,0.03,0,1818.9,0,,0,,27,,,,,
GL1229070011-09,7,16,3,0.1557,3.088,0,0.02,0,1822.42,0,,0,,27,,,,,
GL1229070011-09,8,17,3,0.1556,3.091,0,0.021,0,1822,0,,0,,28,,,,,
GL1229070011-09,9,18,3,0.1556,3.09,0,0.02,0,1821.65,0,,0,,28,,,,,
GL1229070011-09,9,19,3,0.1555,3.092,0,0.023,0,1821.63,0,,0,,28,,,,,
GL1229070011-09,8,19,3,0.1556,3.093,0,0.019,0,1821.87,0,,0,,28,,,,,
GL1229070011-09,10,18,3,0.1556,3.091,0,0.023,0,1822.02,0,,0,,28,,,,,
GL1229070011-09,11,18,3,0.1556,3.09,0,0.021,0,1822.37,0,,0,,28,,,,,
GL1229070011-09,11,17,3,0.1556,3.09,0,0.021,0,1824.05,0,,0,,28,,,,,
GL1229070011-09,10,17,3,0.1556,3.09,0,0.022,0,1821.95,0,,0,,28,,,,,
GL1229070011-09,10,16,3,0.1557,3.086,0,0.021,0,1822.65,0,,0,,28,,,,,
GL1229070011-09,9,16,3,0.1556,3.085,0,0.022,0,1821.34,0,,0,,28,,,,,
GL1229070011-09,8,16,3,0.1556,3.09,0,0.021,0,1821.28,0,,0,,28,,,,,
GL1229070011-09,6,16,3,0.1555,3.088,0,0.02,0,1819,0,,0,,28,,,,,
GL1229070011-09,5,16,3,0.1554,3.087,0,0.023,0,1815.9,0,,0,,28,,,,,
GL1229070011-09,4,16,3,0.1553,3.086,0,0.02,0,1813.97,0,,0,,28,,,,,
GL1229070011-09,3,16,3,0.1552,3.085,0,0.022,0,1811.76,0,,0,,28,,,,,
GL1229070011-09,3,15,3,0.1552,3.083,0,0.017,0,1812.56,0,,0,,28,,,,,
GL1229070011-09,2,15,3,0.1551,3.083,0,0.019,0,1809.7,0,,0,,28,,,,,
GL1229070011-09,1,16,3,0.1549,3.083,0,0.021,0,1805.86,0,,0,,28,,,,,
GL1229070011-09,1,15,3,0.1549,3.082,0,0.063,0,1807.03,0,,0,,28,,,,,
GL1229070011-09,0,15,3,0.1548,3.08,0,0.004,0,1803.99,0,,0,,28,,,,,
GL1229070011-09,-1,15,3,0.1547,3.079,0,0.053,0,1802.16,0,,0,,28,,,,,
GL1229070011-09,-1,12,3,0.1547,3.076,0,0.023,0,1802.3,0,,0,,28,,,,,
GL1229070011-09,0,12,3,0.1548,3.076,0,0.02,0,1804.81,0,,0,,28,,,,,
GL1229070011-09,1,12,3,0.1549,3.077,0,0.023,0,1807.3,0,,0,,28,,,,,
GL1229070011-09,2,11,3,0.1552,3.077,0,0.019,0,1815.17,0,,0,,28,,,,,
GL1229070011-09,3,12,3,0.1552,3.079,0,0.02,0,1812.81,0,,0,,29,,,,,
GL1229070011-09,4,12,3,0.1554,3.081,0,0.021,0,1817.52,0,,0,,29,,,,,
GL1229070011-09,5,12,3,0.1556,3.082,0,0.021,0,1820.85,0,,0,,29,,,,,
GL1229070011-09,6,12,3,0.1557,3.081,0,0.022,0,1821.98,0,,0,,29,,,,,
GL1229070011-09,7,12,3,0.1558,3.081,0,0.02,0,1824.72,0,,0,,29,,,,,
GL1229070011-09,8,12,3,0.1559,3.08,0,0.021,0,1826,0,,0,,29,,,,,
GL1229070011-09,9,12,3,0.1559,3.08,0,0.022,0,1823.78,0,,0,,29,,,,,
GL1229070011-09,10,12,3,0.1559,3.08,0,0.022,0,1822.89,0,,0,,29,,,,,
GL1229070011-09,11,12,3,0.1559,3.08,0,0.021,0,1824.06,0,,0,,29,,,,,
GL1229070011-09,12,12,3,0.1559,3.08,0,0.023,0,1823.53,0,,0,,29,,,,,
GL1229070011-09,13,12,3,0.1559,3.08,0,0.02,0,1824.3,0,,0,,29,,,,,
GL1229070011-09,14,12,3,0.1559,3.08,0,0.023,0,1824.31,0,,0,,29,,,,,
GL1229070011-09,15,13,3,0.1557,3.08,0,0.019,0,1822.75,0,,0,,29,,,,,
GL1229070011-09,15,12,3,0.1558,3.08,0,0.021,0,1824.53,0,,0,,29,,,,,
GL1229070011-09,15,11,3,0.1559,3.079,0,0.023,0,1827,0,,0,,29,,,,,
GL1229070011-09,14,11,3,0.1559,3.079,0,0.02,0,1826.98,0,,0,,29,,,,,
GL1229070011-09,13,11,3,0.1559,3.079,0,0.023,0,1826.68,0,,0,,29,,,,,
GL1229070011-09,14,10,3,0.156,3.078,0,0.023,0,1828.6,0,,0,,29,,,,,
GL1229070011-09,15,10,3,0.156,3.078,0,0.014,0,1828.43,0,,0,,29,,,,,
GL1229070011-09,13,10,3,0.156,3.078,0,0.021,0,1828.68,0,,0,,29,,,,,
GL1229070011-09,13,9,3,0.1561,3.078,0,0.021,0,1830.16,0,,0,,29,,,,,
GL1229070011-09,10,9,3,0.1561,3.079,0,0.007,0,1827.34,0,,0,,29,,,,,
GL1229070011-09,10,10,3,0.156,3.078,0,0.02,0,1826,0,,0,,29,,,,,
GL1229070011-09,10,11,3,0.1559,3.079,0,0.023,0,1824.69,0,,0,,30,,,,,
GL1229070011-09,9,11,3,0.1559,3.079,0,0.02,0,1824.58,0,,0,,30,,,,,
GL1229070011-09,8,11,3,0.1558,3.08,0,0.023,0,1824.08,0,,0,,30,,,,,
GL1229070011-09,7,11,3,0.1558,3.082,0,0.021,0,1824.46,0,,0,,30,,,,,
GL1229070011-09,6,11,3,0.1557,3.081,0,0.022,0,1823.45,0,,0,,30,,,,,
GL1229070011-09,5,11,3,0.1556,3.081,0,0.021,0,1821.88,0,,0,,30,,,,,
GL1229070011-09,6,10,3,0.1558,3.08,0,0.022,0,1823.24,0,,0,,30,,,,,
GL1229070011-09,7,10,3,0.1559,3.081,0,0.022,0,1822.45,0,,0,,30,,,,,
GL1229070011-09,8,10,3,0.1559,3.079,0,0.021,0,1823.18,0,,0,,30,,,,,
GL1229070011-09,9,10,3,0.156,3.079,0,0.023,0,1825.66,0,,0,,30,,,,,
GL1229070011-09,9,9,3,0.156,3.078,0,0.022,0,1826.49,0,,0,,30,,,,,
GL1229070011-09,9,8,3,0.1561,3.077,0,0.021,0,1828.37,0,,0,,30,,,,,
GL1229070011-09,8,8,3,0.156,3.077,0,0.021,0,1825.96,0,,0,,30,,,,,
GL1229070011-09,7,9,3,0.1559,3.08,0,0.023,0,1822.32,0,,0,,30,,,,,
GL1229070011-09,6,9,3,0.1558,3.079,0,0.02,0,1822.65,0,,0,,30,,,,,
GL1229070011-09,5,10,3,0.1556,3.079,0,0.021,0,1819.86,0,,0,,30,,,,,
GL1229070011-09,4,10,3,0.1555,3.078,0,0.023,0,1817.56,0,,0,,30,,,,,
GL1229070011-09,3,11,3,0.1553,3.079,0,0.021,0,1815.67,0,,0,,30,,,,,
GL1229070011-09,3,10,3,0.1553,3.078,0,0.02,0,1815.32,0,,0,,30,,,,,
GL1229070011-09,2,10,3,0.1551,3.076,0,0.023,0,1811.03,0,,0,,30,,,,,
GL1229070011-09,1,10,3,0.155,3.076,0,0.021,0,1807.39,0,,0,,30,,,,,
GL1229070011-09,0,10,3,0.1549,3.075,0,0.022,0,1805.94,0,,0,,31,,,,,
GL1229070011-09,-1,11,3,0.1548,3.075,0,0.021,0,1803.85,0,,0,,31,,,,,
GL1229070011-09,-2,11,3,0.1546,3.075,0,0.022,0,1801.76,0,,0,,31,,,,,
GL1229070011-09,-1,10,3,0.1547,3.074,0,0.022,0,1803.6,0,,0,,31,,,,,
GL1229070011-09,-2,10,3,0.1546,3.074,0,0.021,0,1801.13,0,,0,,31,,,,,
GL1229070011-09,-1,9,3,0.1548,3.073,0,0.02,0,1804.96,0,,0,,31,,,,,
GL1229070011-09,0,9,3,0.155,3.074,0,0.023,0,1806.74,0,,0,,31,,,,,
GL1229070011-09,1,9,3,0.1551,3.075,0,0.021,0,1809.46,0,,0,,31,,,,,
GL1229070011-09,2,9,3,0.1552,3.076,0,0.022,0,1812.44,0,,0,,31,,,,,
GL1229070011-09,3,9,3,0.1554,3.077,0,0.022,0,1816.11,0,,0,,31,,,,,
GL1229070011-09,4,9,3,0.1555,3.077,0,0.021,0,1818.08,0,,0,,31,,,,,
GL1229070011-09,5,9,3,0.1557,3.079,0,0.023,0,1821.54,0,,0,,31,,,,,
GL1229070011-09,6,8,3,0.1558,3.078,0,0.02,0,1822.69,0,,0,,31,,,,,
GL1229070011-09,7,8,3,0.1559,3.079,0,0.022,0,1823.48,0,,0,,31,,,,,
GL1229070011-09,6,7,3,0.1558,3.077,0,0.005,0,1823.77,0,,0,,31,,,,,
GL1229070011-09,5,8,3,0.1557,3.078,0,0.023,0,1820.28,0,,0,,31,,,,,
GL1229070011-09,4,8,3,0.1555,3.077,0,0.021,0,1819.11,0,,0,,31,,,,,
GL1229070011-09,3,8,3,0.1554,3.076,0,0.022,0,1816.85,0,,0,,31,,,,,
GL1229070011-09,2,8,3,0.1552,3.075,0,0.022,0,1814,0,,0,,31,,,,,
GL1229070011-09,1,8,3,0.1551,3.074,0,0.021,0,1811.83,0,,0,,32,,,,,
GL1229070011-09,2,7,3,0.1553,3.074,0,0.004,0,1816.49,0,,0,,32,,,,,
GL1229070011-09,3,7,3,0.1554,3.075,0,0.08,0,1818.81,0,,0,,32,,,,,
GL1229070011-09,4,7,3,0.1556,3.076,0,0.001,0,1820.46,0,,0,,32,,,,,
GL1229070011-09,4,2,3,0.1558,3.072,0,0.059,0,1822.57,0,,0,,32,,,,,
GL1229070011-09,-2,-2,3,0.1551,3.069,0,0.028,0,1805.68,0,,0,,32,,,,,
GL1229070011-09,-1,8,3,0.1548,3.072,0,0.019,0,1804.37,0,,0,,32,,,,,
GL1229070011-09,-2,9,3,0.1546,3.072,0,0.022,0,1801.89,0,,0,,32,,,,,
GL1229070011-09,5,15,3,0.1554,3.085,0,0.009,0,1816.86,0,,0,,32,,,,,
GL1229070011-09,11,14,3,0.1558,3.084,0,0.068,0,1822.61,0,,0,,32,,,,,
GL1229070011-09,12,15,3,0.1558,3.085,0,0.016,0,1821.02,0,,0,,32,,,,,
GL1229070011-09,13,16,3,0.1556,3.085,0,0.023,0,1820.74,0,,0,,32,,,,,
GL1229070011-09,14,17,3,0.1555,3.086,0,0.021,0,1817.6,0,,0,,32,,,,,
GL1229070011-09,13,18,3,0.1556,3.086,0,0.023,0,1821.23,0,,0,,32,,,,,
GL1229070011-09,13,17,3,0.1556,3.085,0,0.022,0,1819.02,0,,0,,32,,,,,
GL1229070011-09,14,16,3,0.1555,3.085,0,0.021,0,1817.45,0,,0,,33,,,,,
GL1229070011-09,15,15,3,0.1555,3.082,0,0.023,0,1817.63,0,,0,,33,,,,,
GL1229070011-09,14,15,3,0.1556,3.083,0,0.02,0,1819.29,0,,0,,33,,,,,
GL1229070011-09,13,15,3,0.1557,3.084,0,0.023,0,1819.47,0,,0,,33,,,,,
GL1229070011-09,12,16,3,0.1557,3.088,0,0.02,0,1821.27,0,,0,,33,,,,,
GL1229070011-09,12,14,3,0.1558,3.086,0,0.087,0,1821.54,0,,0,,33,,,,,
GL1229070011-09,13,-9,3,0.1558,3.069,0,0.081,0,1808.22,0,,0,,33,,,,,
GL1229060006-17,15,40,3,0.1543,3.008,0,0.021,0,1808.19,0,,0,,33,,,,,
GL1229060006-17,15,39,3,0.1544,3.006,0,0.022,0,1812.27,0,,0,,33,,,,,
