Id,LNX,LNY,LNZ,Ch0,Ch1,Ch2,Ch3,Ch0_mA,Ch1_mA,Ch2_mA,Ch3_mA,
2_0,10.996,16.0264,10.1695,1125.214,261.167,256.285,256.285,0.0109566746086957,0.002610049,0.002561263,0.002561263,
2_1,10.996,16.0264,10.1695,1125.214,261.167,256.285,256.285,0.010970858,0.002610049,0.002561263,0.002561263,
2_2,10.996,16.0264,10.1695,1130.095,261.167,256.285,256.285,0.0109870675652174,0.002610049,0.002561263,0.002561263,
2_3,10.996,16.0264,10.1695,1130.095,261.167,256.285,256.285,0.0110032771304348,0.002610049,0.002561263,0.002561263,
2_4,10.996,16.0264,10.1695,1130.095,261.167,256.285,256.285,0.0110215129130435,0.002610049,0.002561263,0.002561263,
2_5,10.996,16.0264,10.1695,1130.095,261.167,256.285,256.285,0.0110377225217391,0.002610049,0.002561263,0.002561263,
2_6,10.996,16.0264,10.1695,1130.095,261.167,256.285,256.285,0.0110559583478261,0.002610049,0.002561263,0.002561263,
2_7,10.996,16.0264,10.1695,1130.095,261.167,256.285,256.285,0.011074194173913,0.002610049,0.002561263,0.002561263,
2_8,10.9961,16.0264,10.1695,1134.977,261.167,256.285,256.285,0.0110924299565217,0.002610049,0.002561263,0.002561263,
2_9,10.9961,16.0264,10.1695,1130.095,266.048,256.285,256.285,0.0111126919565217,0.002658835,0.002561263,0.002561263,
2_10,10.9962,16.0264,10.1695,1130.095,261.167,256.285,256.285,0.011134980173913,0.002610049,0.002561263,0.002561263,
2_11,10.9962,16.0264,10.1695,1130.095,261.167,256.285,256.285,0.011155242173913,0.002610049,0.002561263,0.002561263,
2_12,10.9963,16.0264,10.1695,1130.095,261.167,256.285,256.285,0.0111775303478261,0.002610049,0.002561263,0.002561263,
2_13,10.9963,16.0264,10.1695,1130.095,261.167,256.285,256.285,0.0111977923478261,0.002610049,0.002561263,0.002561263,
2_14,10.9964,16.0264,10.1695,1130.095,261.167,256.285,256.285,0.0112200805652174,0.002610049,0.002561263,0.002561263,
2_15,10.9964,16.0264,10.1695,1134.977,261.167,256.285,256.285,0.0112423687826087,0.002610049,0.002561263,0.002561263,
2_16,10.9965,16.0264,10.1695,1134.977,261.167,256.285,256.285,0.011264657,0.002610049,0.002561263,0.002561263,
2_17,10.9965,16.0264,10.1695,1134.977,261.167,256.285,256.285,0.011286945173913,0.002610049,0.002561263,0.002561263,
2_18,10.9966,16.0264,10.1695,1130.095,261.167,256.285,256.285,0.0113092333478261,0.002610049,0.002561263,0.002561263,
2_19,10.9966,16.0264,10.1695,1130.095,261.167,256.285,256.285,0.0113294953043478,0.002610049,0.002561263,0.002561263,
2_20,10.9967,16.0264,10.1695,1134.977,261.167,256.285,256.285,0.0113497573043478,0.002610049,0.002561263,0.002561263,
2_21,10.9967,16.0264,10.1695,1134.977,261.167,256.285,256.285,0.0113720454782609,0.002610049,0.002561263,0.002561263,
2_22,10.9968,16.0264,10.1695,1134.977,261.167,256.285,256.285,0.0113943336956522,0.002610049,0.002561263,0.002561263,
2_23,10.9968,16.0264,10.1695,1134.977,261.167,256.285,256.285,0.0114145956956522,0.002610049,0.002561263,0.002561263,
2_24,10.9969,16.0264,10.1695,1134.977,261.167,256.285,256.285,0.0114368838695652,0.002610049,0.002561263,0.002561263,
2_25,10.9969,16.0264,10.1695,1134.977,261.167,256.285,256.285,0.0114571458695652,0.002610049,0.002561263,0.002561263,
2_26,10.997,16.0264,10.1695,1134.977,261.167,256.285,256.285,0.0114774078695652,0.002610049,0.002561263,0.002561263,
2_27,10.9971,16.0264,10.1695,1134.977,261.167,256.285,256.285,0.0114976698695652,0.002610049,0.002561263,0.002561263,
2_28,10.9971,16.0264,10.1695,1134.977,261.167,256.285,256.285,0.0115199580434783,0.002610049,0.002561263,0.002561263,
2_29,10.9972,16.0264,10.1695,1134.977,261.167,256.285,256.285,0.01154022,0.002610049,0.002561263,0.002561263,
2_30,10.9972,16.0264,10.1695,1134.977,261.167,256.285,256.285,0.0115604819565217,0.002610049,0.002561263,0.002561263,
2_31,10.9973,16.0264,10.1695,1134.977,261.167,256.285,256.285,0.0115807439565217,0.002610049,0.002561263,0.002561263,
2_32,10.9973,16.0264,10.1695,1134.977,261.167,256.285,256.285,0.0116010059565217,0.002610049,0.002561263,0.002561263,
2_33,10.9974,16.0264,10.1695,1134.977,261.167,256.285,256.285,0.0116192417391304,0.002610049,0.002561263,0.002561263,
2_34,10.9974,16.0264,10.1695,1134.977,261.167,256.285,256.285,0.0116395037391304,0.002610049,0.002561263,0.002561263,
2_35,10.9975,16.0264,10.1695,1134.977,261.167,256.285,256.285,0.0116577395652174,0.002610049,0.002561263,0.002561263,
2_36,10.9975,16.0264,10.1695,1134.977,261.167,256.285,256.285,0.0116759753913043,0.002610049,0.002561263,0.002561263,
2_37,10.9976,16.0264,10.1695,1134.977,261.167,256.285,256.285,0.011694211173913,0.002610049,0.002561263,0.002561263,
2_38,10.9976,16.0264,10.1695,1134.977,261.167,256.285,256.285,0.011714473173913,0.002610049,0.002561263,0.002561263,
2_39,10.9977,16.0264,10.1695,1134.977,261.167,256.285,256.285,0.011734735173913,0.002610049,0.002561263,0.002561263,
2_40,10.9977,16.0264,10.1695,1139.859,261.167,256.285,256.285,0.011752971,0.002610049,0.002561263,0.002561263,
2_41,10.9978,16.0264,10.1695,1139.859,261.167,256.285,256.285,0.011771206826087,0.002610049,0.002561263,0.002561263,
2_42,10.9978,16.0264,10.1695,1139.859,261.167,256.285,256.285,0.011791468826087,0.002610049,0.002561263,0.002561263,
2_43,10.9979,16.0264,10.1695,1144.74,261.167,256.285,256.285,0.0118097046086957,0.002610049,0.002561263,0.002561263,
2_44,10.9979,16.0264,10.1695,1139.859,261.167,256.285,256.285,0.0118279403913043,0.002610049,0.002561263,0.002561263,
2_45,10.998,16.0264,10.1695,1139.859,261.167,256.285,256.285,0.011846176173913,0.002610049,0.002561263,0.002561263,
2_46,10.998,16.0264,10.1695,1144.74,261.167,256.285,256.285,0.0118644119565217,0.002610049,0.002561263,0.002561263,
2_47,10.9981,16.0264,10.1695,1144.74,261.167,256.285,256.285,0.0118773290163043,0.002610049,0.002561263,0.002561263,
2_48,10.9982,16.0264,10.1695,1149.622,261.167,256.285,256.285,0.0118903629264214,0.002610049,0.002561263,0.002561263,
2_49,10.9982,16.0264,10.1695,1149.622,261.167,256.285,256.285,0.0119037057872671,0.002610049,0.002561263,0.002561263,
2_50,10.9983,16.0264,10.1695,1149.622,261.167,256.285,256.285,0.0119170256463768,0.002610049,0.002561263,0.002561263,
2_51,10.9983,16.0264,10.1695,1149.622,261.167,256.285,256.285,0.0119301368804348,0.002610049,0.002561263,0.002561263,
2_52,10.9984,16.0264,10.1695,1154.503,261.167,256.285,251.404,0.0119425399360614,0.002610049,0.002561263,0.002512477,
2_53,10.9984,16.0264,10.1695,1154.503,261.167,256.285,256.285,0.0119543528429952,0.002610049,0.002561263,0.002561263,
2_54,10.9985,16.0264,10.1695,1159.385,261.167,256.285,256.285,0.0119656687608696,0.002610049,0.002561263,0.002561263,
2_55,10.9985,16.0264,10.1695,1164.267,261.167,256.285,256.285,0.0119755491695652,0.002610049,0.002561263,0.002561263,
2_56,10.9986,16.0264,10.1695,1159.385,256.285,256.285,256.285,0.0119871901604555,0.002561263,0.002561263,0.002561263,
2_57,10.9986,16.0264,10.1695,1164.267,261.167,256.285,256.285,0.0119963453339921,0.002610049,0.002561263,0.002561263,
2_58,10.9987,16.0264,10.1695,1169.148,261.167,256.285,256.285,0.0120062460652174,0.002610049,0.002561263,0.002561263,
2_59,10.9987,16.0264,10.1695,1169.148,261.167,256.285,256.285,0.0120214425434783,0.002610049,0.002561263,0.002561263,
2_60,10.9988,16.0264,10.1695,1174.03,261.167,256.285,256.285,0.0120346128478261,0.002610049,0.002561263,0.002561263,
2_61,10.9988,16.0264,10.1695,1174.03,261.167,256.285,256.285,0.0120467700434783,0.002610049,0.002561263,0.002561263,
2_62,10.9989,16.0264,10.1695,1178.912,261.167,256.285,256.285,0.0120589272391304,0.002610049,0.002561263,0.002561263,
2_63,10.9989,16.0264,10.1695,1178.912,266.048,256.285,256.285,0.0120710844347826,0.002658835,0.002561263,0.002561263,
2_64,10.999,16.0264,10.1695,1183.793,261.167,256.285,256.285,0.0120812154130435,0.002610049,0.002561263,0.002561263,
2_65,10.999,16.0264,10.1695,1183.793,261.167,256.285,256.285,0.0120913464130435,0.002610049,0.002561263,0.002561263,
2_66,10.9991,16.0264,10.1695,1188.675,261.167,256.285,256.285,0.0120994512173913,0.002610049,0.002561263,0.002561263,
2_67,10.9991,16.0264,10.1695,1188.675,261.167,256.285,256.285,0.0121075560217391,0.002610049,0.002561263,0.002561263,
2_68,10.9992,16.0264,10.1695,1193.556,261.167,256.285,256.285,0.0121136346086957,0.002610049,0.002561263,0.002561263,
2_69,10.9993,16.0264,10.1695,1193.556,261.167,256.285,256.285,0.0121187001086957,0.002610049,0.002561263,0.002561263,
2_70,10.9993,16.0264,10.1695,1198.438,261.167,256.285,256.285,0.0121237656086957,0.002610049,0.002561263,0.002561263,
2_71,10.9994,16.0264,10.1695,1198.438,261.167,256.285,256.285,0.0121298442173913,0.002610049,0.002561263,0.002561263,
2_72,10.9994,16.0264,10.1695,1203.32,261.167,256.285,256.285,0.0121338966086957,0.002610049,0.002561263,0.002561263,
2_73,10.9995,16.0264,10.1695,1203.32,261.167,256.285,256.285,0.012137949,0.002610049,0.002561263,0.002561263,
2_74,10.9995,16.0264,10.1695,1203.32,261.167,256.285,256.285,0.0121409882826087,0.002610049,0.002561263,0.002561263,
2_75,10.9996,16.0264,10.1695,1208.201,261.167,256.285,256.285,0.0121430144565217,0.002610049,0.002561263,0.002561263,
2_76,10.9996,16.0264,10.1695,1208.201,261.167,256.285,256.285,0.0121450406304348,0.002610049,0.002561263,0.002561263,
2_77,10.9997,16.0264,10.1695,1208.201,266.048,256.285,256.285,0.0121450406304348,0.002658835,0.002561263,0.002561263,
2_78,10.9997,16.0264,10.1695,1213.083,261.167,256.285,256.285,0.0121460537173913,0.002610049,0.002561263,0.002561263,
2_79,10.9998,16.0264,10.1695,1213.083,261.167,256.285,256.285,0.0121460537173913,0.002610049,0.002561263,0.002561263,
2_80,10.9998,16.0264,10.1695,1217.965,261.167,256.285,256.285,0.0121460537173913,0.002610049,0.002561263,0.002561263,
2_81,10.9999,16.0264,10.1695,1217.965,261.167,256.285,256.285,0.0121450406304348,0.002610049,0.002561263,0.002561263,
2_82,10.9999,16.0264,10.1695,1222.846,261.167,261.167,256.285,0.0121430144565217,0.002610049,0.002610049,0.002561263,
2_83,11,16.0264,10.1695,1222.846,261.167,256.285,256.285,0.012139975173913,0.002610049,0.002561263,0.002561263,
2_84,11,16.0264,10.1695,1222.846,261.167,251.404,256.285,0.012137949,0.002610049,0.002512477,0.002561263,
2_85,11.0001,16.0264,10.1695,1227.728,261.167,256.285,256.285,0.0121359228043478,0.002610049,0.002561263,0.002561263,
2_86,11.0001,16.0264,10.1695,1232.609,261.167,256.285,256.285,0.0121318704130435,0.002610049,0.002561263,0.002561263,
2_87,11.0002,16.0264,10.1695,1232.609,261.167,256.285,256.285,0.0121288311304348,0.002610049,0.002561263,0.002561263,
2_88,11.0002,16.0264,10.1695,1232.609,261.167,256.285,256.285,0.0121247787391304,0.002610049,0.002561263,0.002561263,
2_89,11.0003,16.0264,10.1695,1237.491,261.167,256.285,256.285,0.0121197132391304,0.002610049,0.002561263,0.002561263,
2_90,11.0004,16.0264,10.1695,1237.491,261.167,256.285,256.285,0.0121146477391304,0.002610049,0.002561263,0.002561263,
2_91,11.0004,16.0264,10.1695,1237.491,261.167,256.285,256.285,0.0121105953478261,0.002610049,0.002561263,0.002561263,
2_92,11.0005,16.0264,10.1695,1242.373,261.167,256.285,256.285,0.0121055298478261,0.002610049,0.002561263,0.002561263,
2_93,11.0005,16.0264,10.1695,1242.373,266.048,256.285,256.285,0.0120994512391304,0.002658835,0.002561263,0.002561263,
2_94,11.0006,16.0264,10.1695,1242.373,261.167,256.285,256.285,0.0120923595217391,0.002610049,0.002561263,0.002561263,
2_95,11.0006,16.0264,10.1695,1247.254,261.167,256.285,256.285,0.0120872940217391,0.002610049,0.002561263,0.002561263,
2_96,11.0007,16.0264,10.1695,1252.136,261.167,256.285,256.285,0.0120791892173913,0.002610049,0.002561263,0.002561263,
2_97,11.0007,16.0264,10.1695,1252.136,261.167,256.285,256.285,0.0120731106086957,0.002610049,0.002561263,0.002561263,
2_98,11.0008,16.0264,10.1695,1252.136,261.167,256.285,256.285,0.012065005826087,0.002610049,0.002561263,0.002561263,
2_99,11.0008,16.0264,10.1695,1252.136,261.167,256.285,256.285,0.0120569010434783,0.002610049,0.002561263,0.002561263,
2_100,11.0009,16.0264,10.1695,1257.018,261.167,256.285,256.285,0.0120508224347826,0.002610049,0.002561263,0.002561263,
2_101,11.0009,16.0264,10.1695,1257.018,261.167,256.285,256.285,0.0120437307391304,0.002610049,0.002561263,0.002561263,
2_102,11.001,16.0264,10.1695,1257.018,261.167,251.404,256.285,0.0120346128478261,0.002610049,0.002512477,0.002561263,
2_103,11.001,16.0264,10.1695,1261.899,261.167,256.285,256.285,0.0120265080434783,0.002610049,0.002561263,0.002561263,
2_104,11.0011,16.0264,10.1695,1261.899,261.167,256.285,256.285,0.0120184032391304,0.002610049,0.002561263,0.002561263,
2_105,11.0011,16.0264,10.1695,1266.781,261.167,256.285,256.285,0.0120102984130435,0.002610049,0.002561263,0.002561263,
2_106,11.0012,16.0264,10.1695,1261.899,261.167,256.285,256.285,0.0120021936086957,0.002610049,0.002561263,0.002561263,
2_107,11.0012,16.0264,10.1695,1266.781,261.167,256.285,256.285,0.0119940887826087,0.002610049,0.002561263,0.002561263,
2_108,11.0013,16.0264,10.1695,1266.781,261.167,256.285,256.285,0.0119839577826087,0.002610049,0.002561263,0.002561263,
2_109,11.0014,16.0264,10.1695,1266.781,261.167,256.285,256.285,0.0119758529782609,0.002610049,0.002561263,0.002561263,
2_110,11.0014,16.0264,10.1695,1266.781,261.167,256.285,256.285,0.011967748173913,0.002610049,0.002561263,0.002561263,
2_111,11.0015,16.0264,10.1695,1266.781,261.167,256.285,256.285,0.0119586302826087,0.002610049,0.002561263,0.002561263,
2_112,11.0015,16.0264,10.1695,1271.662,261.167,256.285,256.285,0.0119515385869565,0.002610049,0.002561263,0.002561263,
2_113,11.0016,16.0264,10.1695,1266.781,266.048,256.285,256.285,0.0119434338043478,0.002658835,0.002561263,0.002561263,
2_114,11.0016,16.0264,10.1695,1271.662,261.167,256.285,256.285,0.0119343159130435,0.002610049,0.002561263,0.002561263,
2_115,11.0017,16.0264,10.1695,1271.662,261.167,256.285,256.285,0.0119272242391304,0.002610049,0.002561263,0.002561263,
2_116,11.0017,16.0264,10.1695,1271.662,261.167,256.285,256.285,0.0119191194565217,0.002610049,0.002561263,0.002561263,
2_117,11.0018,16.0264,10.1695,1271.662,261.167,256.285,256.285,0.0119120277826087,0.002610049,0.002561263,0.002561263,
2_118,11.0018,16.0264,10.1695,1271.662,261.167,256.285,256.285,0.0119029098913043,0.002610049,0.002561263,0.002561263,
2_119,11.0019,16.0264,10.1695,1271.662,261.167,256.285,256.285,0.0118958181956522,0.002610049,0.002561263,0.002561263,
2_120,11.0019,16.0264,10.1695,1271.662,261.167,256.285,256.285,0.0118877134130435,0.002610049,0.002561263,0.002561263,
2_121,11.002,16.0264,10.1695,1271.662,261.167,256.285,256.285,0.0118816348043478,0.002610049,0.002561263,0.002561263,
2_122,11.002,16.0264,10.1695,1271.662,261.167,256.285,256.285,0.0118755561956522,0.002610049,0.002561263,0.002561263,
2_123,11.0021,16.0264,10.1695,1276.544,261.167,256.285,256.285,0.0118684645,0.002610049,0.002561263,0.002561263,
2_124,11.0021,16.0264,10.1695,1271.662,261.167,256.285,256.285,0.0118623858913043,0.002610049,0.002561263,0.002561263,
2_125,11.0022,16.0264,10.1695,1271.662,261.167,251.404,256.285,0.0118573203913043,0.002610049,0.002512477,0.002561263,
2_126,11.0022,16.0264,10.1695,1271.662,261.167,256.285,256.285,0.0118522548913043,0.002610049,0.002561263,0.002561263,
2_127,11.0023,16.0264,10.1695,1271.662,261.167,256.285,256.285,0.0118471893913043,0.002610049,0.002561263,0.002561263,
2_128,11.0023,16.0264,10.1695,1271.662,261.167,256.285,256.285,0.0118411107826087,0.002610049,0.002561263,0.002561263,
2_129,11.0024,16.0264,10.1695,1271.662,261.167,256.285,256.285,0.0118370583695652,0.002610049,0.002561263,0.002561263,
2_130,11.0025,16.0264,10.1695,1271.662,261.167,256.285,256.285,0.0118319928695652,0.002610049,0.002561263,0.002561263,
2_131,11.0025,16.0264,10.1695,1271.662,261.167,256.285,256.285,0.0118279404565217,0.002610049,0.002561263,0.002561263,
2_132,11.0026,16.0264,10.1695,1271.662,261.167,256.285,256.285,0.0118249011521739,0.002610049,0.002561263,0.002561263,
2_133,11.0026,16.0264,10.1695,1271.662,261.167,256.285,256.285,0.0118218618478261,0.002610049,0.002561263,0.002561263,
2_134,11.0027,16.0264,10.1695,1271.662,261.167,261.167,256.285,0.0118188225217391,0.002610049,0.002610049,0.002561263,
2_135,11.0027,16.0264,10.1695,1266.781,261.167,256.285,256.285,0.0118147701086957,0.002610049,0.002561263,0.002561263,
2_136,11.0028,16.0264,10.1695,1266.781,261.167,256.285,256.285,0.0118127438913044,0.002610049,0.002561263,0.002561263,
2_137,11.0028,16.0264,10.1695,1271.662,261.167,256.285,256.285,0.011810717673913,0.002610049,0.002561263,0.002561263,
2_138,11.0029,16.0264,10.1695,1266.781,261.167,256.285,256.285,0.0118086914565217,0.002610049,0.002561263,0.002561263,
2_139,11.0029,16.0264,10.1695,1266.781,261.167,256.285,256.285,0.0118076783478261,0.002610049,0.002561263,0.002561263,
2_140,11.003,16.0264,10.1695,1266.781,261.167,256.285,256.285,0.0118076783478261,0.002610049,0.002561263,0.002561263,
2_141,11.003,16.0264,10.1695,1261.899,261.167,256.285,256.285,0.0118086914565217,0.002610049,0.002561263,0.002561263,
2_142,11.0031,16.0264,10.1695,1266.781,261.167,256.285,256.285,0.0118086914565217,0.002610049,0.002561263,0.002561263,
2_143,11.0031,16.0264,10.1695,1266.781,261.167,256.285,256.285,0.0118086914565217,0.002610049,0.002561263,0.002561263,
2_144,11.0032,16.0264,10.1695,1261.899,261.167,256.285,256.285,0.0118086914565217,0.002610049,0.002561263,0.002561263,
2_145,11.0032,16.0264,10.1695,1261.899,261.167,256.285,256.285,0.0118086914565217,0.002610049,0.002561263,0.002561263,
2_146,11.0033,16.0264,10.1695,1261.899,261.167,256.285,256.285,0.0118097045652174,0.002610049,0.002561263,0.002561263,
2_147,11.0033,16.0264,10.1695,1261.899,261.167,256.285,256.285,0.0118097045652174,0.002610049,0.002561263,0.002561263,
2_148,11.0034,16.0264,10.1695,1261.899,261.167,256.285,256.285,0.0118117307826087,0.002610049,0.002561263,0.002561263,
2_149,11.0034,16.0264,10.1695,1261.899,261.167,256.285,256.285,0.011813757,0.002610049,0.002561263,0.002561263,
2_150,11.0035,16.0264,10.1695,1257.018,261.167,256.285,256.285,0.0118157832173913,0.002610049,0.002561263,0.002561263,
2_151,11.0036,16.0264,10.1695,1257.018,266.048,256.285,256.285,0.0118198356521739,0.002658835,0.002561263,0.002561263,
2_152,11.0036,16.0264,10.1695,1257.018,261.167,256.285,256.285,0.0118238880652174,0.002610049,0.002561263,0.002561263,
2_153,11.0037,16.0264,10.1695,1257.018,261.167,256.285,256.285,0.0118279404782609,0.002610049,0.002561263,0.002561263,
2_154,11.0037,16.0264,10.1695,1252.136,261.167,256.285,256.285,0.0118330059782609,0.002610049,0.002561263,0.002561263,
2_155,11.0038,16.0264,10.1695,1257.018,256.285,256.285,256.285,0.0118370583695652,0.002561263,0.002561263,0.002561263,
2_156,11.0038,16.0264,10.1695,1252.136,261.167,256.285,256.285,0.011840097673913,0.002610049,0.002561263,0.002561263,
2_157,11.0039,16.0264,10.1695,1252.136,261.167,256.285,256.285,0.011845163173913,0.002610049,0.002561263,0.002561263,
2_158,11.0039,16.0264,10.1695,1257.018,261.167,256.285,256.285,0.011850228673913,0.002610049,0.002561263,0.002561263,
2_159,11.004,16.0264,10.1695,1252.136,261.167,256.285,256.285,0.0118542810652174,0.002610049,0.002561263,0.002561263,
2_160,11.004,16.0264,10.1695,1247.254,261.167,256.285,256.285,0.011860359673913,0.002610049,0.002561263,0.002561263,
2_161,11.0041,16.0264,10.1695,1247.254,261.167,256.285,256.285,0.0118664382826087,0.002610049,0.002561263,0.002561263,
2_162,11.0041,16.0264,10.1695,1247.254,261.167,256.285,256.285,0.0118725168913043,0.002610049,0.002561263,0.002561263,
2_163,11.0042,16.0264,10.1695,1247.254,266.048,256.285,256.285,0.011875556173913,0.002658835,0.002561263,0.002561263,
2_164,11.0042,16.0264,10.1695,1242.373,261.167,256.285,256.285,0.011880621673913,0.002610049,0.002561263,0.002561263,
2_165,11.0043,16.0264,10.1695,1247.254,261.167,256.285,256.285,0.011885687173913,0.002610049,0.002561263,0.002561263,
2_166,11.0043,16.0264,10.1695,1242.373,261.167,256.285,256.285,0.011890752673913,0.002610049,0.002561263,0.002561263,
2_167,11.0044,16.0264,10.1695,1247.254,261.167,256.285,256.285,0.0118978443695652,0.002610049,0.002561263,0.002561263,
2_168,11.0044,16.0264,10.1695,1242.373,261.167,256.285,256.285,0.0119049360652174,0.002610049,0.002561263,0.002561263,
2_169,11.0045,16.0264,10.1695,1242.373,266.048,256.285,256.285,0.0119120277391304,0.002658835,0.002561263,0.002561263,
2_170,11.0045,16.0264,10.1695,1242.373,256.285,256.285,256.285,0.0119191194347826,0.002561263,0.002561263,0.002561263,
2_171,11.0046,16.0264,10.1695,1242.373,261.167,261.167,256.285,0.0119241849130435,0.002610049,0.002610049,0.002561263,
2_172,11.0047,16.0264,10.1695,1242.373,261.167,256.285,256.285,0.0119302634782609,0.002610049,0.002561263,0.002561263,
2_173,11.0047,16.0264,10.1695,1242.373,261.167,256.285,256.285,0.0119373551521739,0.002610049,0.002561263,0.002561263,
2_174,11.0048,16.0264,10.1695,1242.373,261.167,256.285,256.285,0.011944446826087,0.002610049,0.002561263,0.002561263,
2_175,11.0048,16.0264,10.1695,1237.491,266.048,256.285,256.285,0.0119505254130435,0.002658835,0.002561263,0.002561263,
2_176,11.0049,16.0264,10.1695,1237.491,261.167,256.285,256.285,0.0119576171086957,0.002610049,0.002561263,0.002561263,
2_177,11.0049,16.0264,10.1695,1237.491,261.167,256.285,256.285,0.0119636957173913,0.002610049,0.002561263,0.002561263,
2_178,11.005,16.0264,10.1695,1237.491,261.167,256.285,256.285,0.011969774326087,0.002610049,0.002561263,0.002561263,
2_179,11.005,16.0264,10.1695,1237.491,261.167,256.285,256.285,0.0119768660217391,0.002610049,0.002561263,0.002561263,
2_180,11.0051,16.0264,10.1695,1237.491,261.167,256.285,256.285,0.0119829446304348,0.002610049,0.002561263,0.002561263,
2_181,11.0051,16.0264,10.1695,1237.491,261.167,256.285,256.285,0.0119890232391304,0.002610049,0.002561263,0.002561263,
2_182,11.0052,16.0264,10.1695,1237.491,261.167,256.285,256.285,0.0119961149565217,0.002610049,0.002561263,0.002561263,
2_183,11.0052,16.0264,10.1695,1237.491,261.167,256.285,256.285,0.012003206673913,0.002610049,0.002561263,0.002561263,
2_184,11.0053,16.0264,10.1695,1237.491,261.167,256.285,256.285,0.012008272173913,0.002610049,0.002561263,0.002561263,
2_185,11.0053,16.0264,10.1695,1237.491,261.167,256.285,256.285,0.012013337673913,0.002610049,0.002561263,0.002561263,
2_186,11.0054,16.0264,10.1695,1232.609,261.167,256.285,256.285,0.0120204293913044,0.002610049,0.002561263,0.002561263,
2_187,11.0054,16.0264,10.1695,1232.609,261.167,256.285,256.285,0.012026508,0.002610049,0.002561263,0.002561263,
2_188,11.0055,16.0264,10.1695,1237.491,261.167,256.285,256.285,0.0120335997173913,0.002610049,0.002561263,0.002561263,
2_189,11.0055,16.0264,10.1695,1237.491,261.167,256.285,256.285,0.012039678326087,0.002610049,0.002561263,0.002561263,
2_190,11.0056,16.0264,10.1695,1237.491,261.167,256.285,256.285,0.0120437307391304,0.002610049,0.002561263,0.002561263,
2_191,11.0056,16.0264,10.1695,1237.491,261.167,256.285,256.285,0.0120477831521739,0.002610049,0.002561263,0.002561263,
2_192,11.0057,16.0264,10.1695,1237.491,261.167,256.285,256.285,0.0120518355869565,0.002610049,0.002561263,0.002561263,
2_193,11.0058,16.0264,10.1695,1237.491,261.167,256.285,256.285,0.0120569011086957,0.002610049,0.002561263,0.002561263,
2_194,11.0058,16.0264,10.1695,1237.491,261.167,256.285,256.285,0.0120629797173913,0.002610049,0.002561263,0.002561263,
2_195,11.0059,16.0264,10.1695,1237.491,261.167,256.285,256.285,0.0120670321521739,0.002610049,0.002561263,0.002561263,
2_196,11.0059,16.0264,10.1695,1237.491,261.167,256.285,256.285,0.0120710845652174,0.002610049,0.002561263,0.002561263,
2_197,11.006,16.0264,10.1695,1237.491,266.048,256.285,256.285,0.0120741238913043,0.002658835,0.002561263,0.002561263,
2_198,11.006,16.0264,10.1695,1242.373,261.167,261.167,256.285,0.0120781763043478,0.002610049,0.002610049,0.002561263,
2_199,11.0061,16.0264,10.1695,1242.373,261.167,261.167,256.285,0.0120802025217391,0.002610049,0.002610049,0.002561263,
2_200,11.0061,16.0264,10.1695,1237.491,256.285,256.285,256.285,0.0120822287391304,0.002561263,0.002561263,0.002561263,
2_201,11.0062,16.0264,10.1695,1242.373,261.167,256.285,256.285,0.0120852680434783,0.002610049,0.002561263,0.002561263,
2_202,11.0062,16.0264,10.1695,1237.491,261.167,256.285,256.285,0.0120893204347826,0.002610049,0.002561263,0.002561263,
2_203,11.0063,16.0264,10.1695,1237.491,261.167,256.285,256.285,0.0120923597391304,0.002610049,0.002561263,0.002561263,
2_204,11.0063,16.0264,10.1695,1237.491,261.167,256.285,256.285,0.0120943859565217,0.002610049,0.002561263,0.002561263,
2_205,11.0064,16.0264,10.1695,1237.491,261.167,256.285,256.285,0.0120964121521739,0.002610049,0.002561263,0.002561263,
2_206,11.0064,16.0264,10.1695,1242.373,261.167,256.285,256.285,0.0120964121521739,0.002610049,0.002561263,0.002561263,
2_207,11.0065,16.0264,10.1695,1242.373,261.167,256.285,256.285,0.0120974252608696,0.002610049,0.002561263,0.002561263,
2_208,11.0065,16.0264,10.1695,1242.373,261.167,256.285,256.285,0.0120984383695652,0.002610049,0.002561263,0.002561263,
2_209,11.0066,16.0264,10.1695,1242.373,261.167,256.285,256.285,0.0120994514782609,0.002610049,0.002561263,0.002561263,
2_210,11.0066,16.0264,10.1695,1247.254,261.167,256.285,256.285,0.0120994514782609,0.002610049,0.002561263,0.002561263,
2_211,11.0067,16.0264,10.1695,1242.373,261.167,256.285,256.285,0.0120994514782609,0.002610049,0.002561263,0.002561263,
2_212,11.0068,16.0264,10.1695,1247.254,261.167,256.285,256.285,0.0120994514782609,0.002610049,0.002561263,0.002561263,
2_213,11.0068,16.0264,10.1695,1247.254,261.167,256.285,256.285,0.0121004645869565,0.002610049,0.002561263,0.002561263,
2_214,11.0069,16.0264,10.1695,1242.373,261.167,256.285,256.285,0.0121004645869565,0.002610049,0.002561263,0.002561263,
2_215,11.0069,16.0264,10.1695,1247.254,266.048,256.285,256.285,0.0121004645869565,0.002658835,0.002561263,0.002561263,
2_216,11.007,16.0264,10.1695,1247.254,261.167,256.285,256.285,0.0120994514782609,0.002610049,0.002561263,0.002561263,
2_217,11.007,16.0264,10.1695,1247.254,261.167,256.285,256.285,0.0120984383913043,0.002610049,0.002561263,0.002561263,
2_218,11.0071,16.0264,10.1695,1252.136,261.167,256.285,256.285,0.0120974252826087,0.002610049,0.002561263,0.002561263,
2_219,11.0071,16.0264,10.1695,1252.136,261.167,256.285,256.285,0.0120953990869565,0.002610049,0.002561263,0.002561263,
2_220,11.0072,16.0264,10.1695,1252.136,261.167,256.285,256.285,0.0120933728695652,0.002610049,0.002561263,0.002561263,
2_221,11.0072,16.0264,10.1695,1247.254,261.167,256.285,256.285,0.0120903335652174,0.002610049,0.002561263,0.002561263,
2_222,11.0073,16.0264,10.1695,1252.136,261.167,256.285,256.285,0.0120883073478261,0.002610049,0.002561263,0.002561263,
2_223,11.0073,16.0264,10.1695,1247.254,261.167,256.285,256.285,0.0120862811304348,0.002610049,0.002561263,0.002561263,
2_224,11.0074,16.0264,10.1695,1252.136,261.167,256.285,256.285,0.0120822287173913,0.002610049,0.002561263,0.002561263,
2_225,11.0074,16.0264,10.1695,1257.018,261.167,256.285,256.285,0.0120771632173913,0.002610049,0.002561263,0.002561263,
2_226,11.0075,16.0264,10.1695,1252.136,261.167,256.285,256.285,0.0120720976956522,0.002610049,0.002561263,0.002561263,
2_227,11.0075,16.0264,10.1695,1257.018,261.167,256.285,256.285,0.0120680452608696,0.002610049,0.002561263,0.002561263,
2_228,11.0076,16.0264,10.1695,1252.136,261.167,256.285,256.285,0.0120629797391304,0.002610049,0.002561263,0.002561263,
2_229,11.0076,16.0264,10.1695,1257.018,261.167,256.285,256.285,0.0120579142173913,0.002610049,0.002561263,0.002561263,
2_230,11.0077,16.0264,10.1695,1257.018,261.167,256.285,256.285,0.0120538617826087,0.002610049,0.002561263,0.002561263,
2_231,11.0077,16.0264,10.1695,1261.899,256.285,256.285,256.285,0.0120498093478261,0.002561263,0.002561263,0.002561263,
2_232,11.0078,16.0264,10.1695,1261.899,261.167,256.285,256.285,0.0120457569130435,0.002610049,0.002561263,0.002561263,
2_233,11.0079,16.0264,10.1695,1257.018,261.167,256.285,256.285,0.0120417044782609,0.002610049,0.002561263,0.002561263,
2_234,11.0079,16.0264,10.1695,1261.899,261.167,256.285,256.285,0.0120366389565217,0.002610049,0.002561263,0.002561263,
2_235,11.008,16.0264,10.1695,1261.899,256.285,261.167,256.285,0.0120305603478261,0.002561263,0.002610049,0.002561263,
2_236,11.008,16.0264,10.1695,1261.899,261.167,256.285,256.285,0.0120244817391304,0.002610049,0.002561263,0.002561263,
2_237,11.0081,16.0264,10.1695,1261.899,261.167,256.285,256.285,0.0120184031304348,0.002610049,0.002561263,0.002561263,
2_238,11.0081,16.0264,10.1695,1261.899,261.167,256.285,256.285,0.0120113114130435,0.002610049,0.002561263,0.002561263,
2_239,11.0082,16.0264,10.1695,1261.899,261.167,256.285,256.285,0.0120042196956522,0.002610049,0.002561263,0.002561263,
2_240,11.0082,16.0264,10.1695,1261.899,261.167,256.285,256.285,0.0119961148695652,0.002610049,0.002561263,0.002561263,
2_241,11.0083,16.0264,10.1695,1266.781,261.167,256.285,256.285,0.0119890231521739,0.002610049,0.002561263,0.002561263,
2_242,11.0083,16.0264,10.1695,1266.781,261.167,256.285,256.285,0.0119809183478261,0.002610049,0.002561263,0.002561263,
2_243,11.0084,16.0264,10.1695,1261.899,261.167,251.404,256.285,0.0119748397391304,0.002610049,0.002512477,0.002561263,
2_244,11.0084,16.0264,10.1695,1266.781,266.048,256.285,256.285,0.0119677480434783,0.002658835,0.002561263,0.002561263,
2_245,11.0085,16.0264,10.1695,1266.781,261.167,256.285,256.285,0.0119606563478261,0.002610049,0.002561263,0.002561263,
2_246,11.0085,16.0264,10.1695,1266.781,261.167,256.285,256.285,0.0119535646521739,0.002610049,0.002561263,0.002561263,
2_247,11.0086,16.0264,10.1695,1266.781,266.048,256.285,256.285,0.0119464729782609,0.002658835,0.002561263,0.002561263,
2_248,11.0086,16.0264,10.1695,1266.781,261.167,256.285,256.285,0.0119373550869565,0.002610049,0.002561263,0.002561263,
2_249,11.0087,16.0264,10.1695,1266.781,266.048,256.285,256.285,0.0119302634130435,0.002658835,0.002561263,0.002561263,
2_250,11.0087,16.0264,10.1695,1266.781,261.167,256.285,256.285,0.0119231717391304,0.002610049,0.002561263,0.002561263,
2_251,11.0088,16.0264,10.1695,1266.781,261.167,256.285,256.285,0.0119150669565217,0.002610049,0.002561263,0.002561263,
2_252,11.0088,16.0264,10.1695,1271.662,261.167,256.285,256.285,0.0119079752608696,0.002610049,0.002561263,0.002561263,
2_253,11.0089,16.0264,10.1695,1266.781,261.167,256.285,256.285,0.0118998704782609,0.002610049,0.002561263,0.002561263,
2_254,11.009,16.0264,10.1695,1266.781,261.167,256.285,256.285,0.0118907525869565,0.002610049,0.002561263,0.002561263,
2_255,11.009,16.0264,10.1695,1266.781,261.167,256.285,256.285,0.0118816346956522,0.002610049,0.002561263,0.002561263,
2_256,11.0091,16.0264,10.1695,1266.781,261.167,256.285,256.285,0.0118725168043478,0.002610049,0.002561263,0.002561263,
2_257,11.0091,16.0264,10.1695,1266.781,261.167,256.285,256.285,0.0118633988913043,0.002610049,0.002561263,0.002561263,
2_258,11.0092,16.0264,10.1695,1266.781,261.167,256.285,256.285,0.0118552940652174,0.002610049,0.002561263,0.002561263,
2_259,11.0092,16.0264,10.1695,1271.662,261.167,256.285,256.285,0.0118461761521739,0.002610049,0.002561263,0.002561263,
2_260,11.0093,16.0264,10.1695,1271.662,261.167,256.285,256.285,0.0118390844347826,0.002610049,0.002561263,0.002561263,
2_261,11.0093,16.0264,10.1695,1271.662,261.167,261.167,256.285,0.0118299665434783,0.002610049,0.002610049,0.002561263,
2_262,11.0094,16.0264,10.1695,1266.781,266.048,256.285,256.285,0.0118218617608696,0.002658835,0.002561263,0.002561263,
2_263,11.0094,16.0264,10.1695,1266.781,261.167,256.285,256.285,0.0118147700652174,0.002610049,0.002561263,0.002561263,
2_264,11.0095,16.0264,10.1695,1266.781,261.167,256.285,256.285,0.011805652173913,0.002610049,0.002561263,0.002561263,
2_265,11.0095,16.0264,10.1695,1266.781,261.167,256.285,256.285,0.0117985604782609,0.002610049,0.002561263,0.002561263,
2_266,11.0096,16.0264,10.1695,1266.781,266.048,256.285,256.285,0.0117894425869565,0.002658835,0.002561263,0.002561263,
2_267,11.0096,16.0264,10.1695,1266.781,261.167,256.285,256.285,0.0117823508913043,0.002610049,0.002561263,0.002561263,
2_268,11.0097,16.0264,10.1695,1266.781,261.167,256.285,256.285,0.0117742460869565,0.002610049,0.002561263,0.002561263,
2_269,11.0097,16.0264,10.1695,1266.781,261.167,256.285,256.285,0.011765128173913,0.002610049,0.002561263,0.002561263,
2_270,11.0098,16.0264,10.1695,1266.781,261.167,256.285,256.285,0.0117570233478261,0.002610049,0.002561263,0.002561263,
2_271,11.0098,16.0264,10.1695,1266.781,261.167,256.285,256.285,0.0117499316521739,0.002610049,0.002561263,0.002561263,
2_272,11.0099,16.0264,10.1695,1261.899,261.167,256.285,256.285,0.0117428399347826,0.002610049,0.002561263,0.002561263,
2_273,11.0099,16.0264,10.1695,1266.781,261.167,256.285,256.285,0.0117347351304348,0.002610049,0.002561263,0.002561263,
2_274,11.01,16.0264,10.1695,1266.781,261.167,256.285,256.285,0.0117276434347826,0.002610049,0.002561263,0.002561263,
2_275,11.0101,16.0264,10.1695,1266.781,261.167,256.285,256.285,0.0117195386521739,0.002610049,0.002561263,0.002561263,
2_276,11.0101,16.0264,10.1695,1266.781,261.167,256.285,256.285,0.0117114338695652,0.002610049,0.002561263,0.002561263,
2_277,11.0102,16.0264,10.1695,1266.781,261.167,256.285,256.285,0.0117043421956522,0.002610049,0.002561263,0.002561263,
2_278,11.0102,16.0264,10.1695,1261.899,261.167,256.285,256.285,0.0116952243043478,0.002610049,0.002561263,0.002561263,
2_279,11.0103,16.0264,10.1695,1261.899,261.167,256.285,256.285,0.0116871195217391,0.002610049,0.002561263,0.002561263,
2_280,11.0103,16.0264,10.1695,1261.899,261.167,256.285,256.285,0.0116790147391304,0.002610049,0.002561263,0.002561263,
2_281,11.0104,16.0264,10.1695,1261.899,261.167,256.285,256.285,0.0116709099565217,0.002610049,0.002561263,0.002561263,
2_282,11.0104,16.0264,10.1695,1257.018,261.167,251.404,256.285,0.0116628051521739,0.002610049,0.002512477,0.002561263,
2_283,11.0105,16.0264,10.1695,1261.899,261.167,256.285,256.285,0.0116536872608696,0.002610049,0.002561263,0.002561263,
2_284,11.0105,16.0264,10.1695,1257.018,261.167,256.285,256.285,0.0116465955434783,0.002610049,0.002561263,0.002561263,
2_285,11.0106,16.0264,10.1695,1257.018,261.167,256.285,256.285,0.011639503826087,0.002610049,0.002561263,0.002561263,
2_286,11.0106,16.0264,10.1695,1257.018,261.167,256.285,256.285,0.0116313990217391,0.002610049,0.002561263,0.002561263,
2_287,11.0107,16.0264,10.1695,1257.018,261.167,256.285,256.285,0.0116243073043478,0.002610049,0.002561263,0.002561263,
2_288,11.0107,16.0264,10.1695,1257.018,261.167,256.285,251.404,0.0116162024782609,0.002610049,0.002561263,0.002512477,
2_289,11.0108,16.0264,10.1695,1257.018,266.048,256.285,256.285,0.0116091107608696,0.002658835,0.002561263,0.002561263,
2_290,11.0108,16.0264,10.1695,1257.018,266.048,256.285,256.285,0.0116010059347826,0.002658835,0.002561263,0.002561263,
2_291,11.0109,16.0264,10.1695,1257.018,261.167,256.285,256.285,0.0115939142391304,0.002610049,0.002561263,0.002561263,
2_292,11.0109,16.0264,10.1695,1252.136,266.048,256.285,256.285,0.0115878356304348,0.002658835,0.002561263,0.002561263,
2_293,11.011,16.0264,10.1695,1252.136,261.167,256.285,256.285,0.0115807439347826,0.002610049,0.002561263,0.002561263,
2_294,11.011,16.0264,10.1695,1252.136,261.167,256.285,256.285,0.0115756784130435,0.002610049,0.002561263,0.002561263,
2_295,11.0111,16.0264,10.1695,1247.254,261.167,256.285,256.285,0.0115685867173913,0.002610049,0.002561263,0.002561263,
2_296,11.0112,16.0264,10.1695,1247.254,261.167,256.285,256.285,0.0115614950217391,0.002610049,0.002561263,0.002561263,
2_297,11.0112,16.0264,10.1695,1247.254,261.167,256.285,256.285,0.0115564295,0.002610049,0.002561263,0.002561263,
2_298,11.0113,16.0264,10.1695,1247.254,261.167,256.285,256.285,0.0115503508913043,0.002610049,0.002561263,0.002561263,
2_299,11.0113,16.0264,10.1695,1247.254,261.167,256.285,256.285,0.0115442722826087,0.002610049,0.002561263,0.002561263,
2_300,11.0114,16.0264,10.1695,1247.254,261.167,256.285,256.285,0.0115371805652174,0.002610049,0.002561263,0.002561263,
2_301,11.0114,16.0264,10.1695,1247.254,266.048,256.285,256.285,0.011533128173913,0.002658835,0.002561263,0.002561263,
2_302,11.0115,16.0264,10.1695,1242.373,261.167,256.285,256.285,0.0115270495652174,0.002610049,0.002561263,0.002561263,
2_303,11.0115,16.0264,10.1695,1247.254,261.167,261.167,251.404,0.0115219840652174,0.002610049,0.002610049,0.002512477,
2_304,11.0116,16.0264,10.1695,1242.373,261.167,256.285,256.285,0.011517931673913,0.002610049,0.002561263,0.002561263,
2_305,11.0116,16.0264,10.1695,1242.373,261.167,256.285,256.285,0.011512866173913,0.002610049,0.002561263,0.002561263,
2_306,11.0117,16.0264,10.1695,1237.491,261.167,256.285,256.285,0.011507800673913,0.002610049,0.002561263,0.002561263,
2_307,11.0117,16.0264,10.1695,1242.373,261.167,256.285,256.285,0.011502735173913,0.002610049,0.002561263,0.002561263,
2_308,11.0118,16.0264,10.1695,1242.373,261.167,256.285,256.285,0.0114986827826087,0.002610049,0.002561263,0.002561263,
2_309,11.0118,16.0264,10.1695,1237.491,261.167,256.285,256.285,0.0114946303913044,0.002610049,0.002561263,0.002561263,
2_310,11.0119,16.0264,10.1695,1237.491,261.167,256.285,256.285,0.0114895649130435,0.002610049,0.002561263,0.002561263,
2_311,11.0119,16.0264,10.1695,1237.491,261.167,256.285,256.285,0.0114844994347826,0.002610049,0.002561263,0.002561263,
2_312,11.012,16.0264,10.1695,1237.491,261.167,256.285,256.285,0.0114814601521739,0.002610049,0.002561263,0.002561263,
2_313,11.012,16.0264,10.1695,1232.609,261.167,256.285,256.285,0.0114774077608696,0.002610049,0.002561263,0.002561263,
2_314,11.0121,16.0264,10.1695,1232.609,261.167,256.285,256.285,0.0114723422608696,0.002610049,0.002561263,0.002561263,
2_315,11.0122,16.0264,10.1695,1232.609,261.167,256.285,256.285,0.0114672767826087,0.002610049,0.002561263,0.002561263,
2_316,11.0122,16.0264,10.1695,1232.609,261.167,256.285,256.285,0.0114632243913043,0.002610049,0.002561263,0.002561263,
2_317,11.0123,16.0264,10.1695,1227.728,261.167,256.285,256.285,0.0114581589130435,0.002610049,0.002561263,0.002561263,
2_318,11.0123,16.0264,10.1695,1232.609,256.285,256.285,256.285,0.0114541065217391,0.002561263,0.002561263,0.002561263,
2_319,11.0124,16.0264,10.1695,1227.728,261.167,256.285,256.285,0.0114500541304348,0.002610049,0.002561263,0.002561263,
2_320,11.0124,16.0264,10.1695,1227.728,261.167,256.285,256.285,0.0114439755652174,0.002610049,0.002561263,0.002561263,
2_321,11.0125,16.0264,10.1695,1227.728,261.167,256.285,256.285,0.011439923173913,0.002610049,0.002561263,0.002561263,
2_322,11.0125,16.0264,10.1695,1222.846,261.167,256.285,256.285,0.0114358707826087,0.002610049,0.002561263,0.002561263,
2_323,11.0126,16.0264,10.1695,1227.728,266.048,256.285,256.285,0.0114328315,0.002658835,0.002561263,0.002561263,
2_324,11.0126,16.0264,10.1695,1222.846,261.167,256.285,256.285,0.0114287791086957,0.002610049,0.002561263,0.002561263,
2_325,11.0127,16.0264,10.1695,1227.728,261.167,256.285,256.285,0.0114262003211462,0.002610049,0.002561263,0.002561263,
2_326,11.0127,16.0264,10.1695,1222.846,261.167,256.285,256.285,0.0114235689057971,0.002610049,0.002561263,0.002561263,
2_327,11.0128,16.0264,10.1695,1222.846,261.167,256.285,256.285,0.0114197118934783,0.002610049,0.002561263,0.002561263,
2_328,11.0128,16.0264,10.1695,1222.846,266.048,256.285,256.285,0.0114179016670481,0.002658835,0.002561263,0.002561263,
2_329,11.0129,16.0264,10.1695,1222.846,261.167,256.285,251.404,0.0114149897608696,0.002610049,0.002561263,0.002512477,
2_330,11.0129,16.0264,10.1695,1222.846,261.167,261.167,256.285,0.0114129867621483,0.002610049,0.002610049,0.002561263,
2_331,11.013,16.0264,10.1695,1222.846,261.167,256.285,256.285,0.0114098469157609,0.002610049,0.002561263,0.002561263,
2_332,11.013,16.0264,10.1695,1217.965,261.167,256.285,256.285,0.0114065585826087,0.002610049,0.002561263,0.002561263,
2_333,11.0131,16.0264,10.1695,1217.965,261.167,256.285,256.285,0.0114057674099379,0.002610049,0.002561263,0.002561263,
2_334,11.0131,16.0264,10.1695,1217.965,261.167,256.285,256.285,0.0114039972692308,0.002610049,0.002561263,0.002561263,
2_335,11.0132,16.0264,10.1695,1217.965,261.167,256.285,256.285,0.0114003280543478,0.002610049,0.002561263,0.002561263,
2_336,11.0133,16.0264,10.1695,1213.083,261.167,256.285,256.285,0.0113983862173913,0.002610049,0.002561263,0.002561263,
2_337,11.0133,16.0264,10.1695,1213.083,261.167,256.285,256.285,0.011394333826087,0.002610049,0.002561263,0.002561263,
2_338,11.0134,16.0264,10.1695,1213.083,261.167,256.285,256.285,0.0113923076521739,0.002610049,0.002561263,0.002561263,
2_339,11.0134,16.0264,10.1695,1213.083,261.167,256.285,256.285,0.0113882552608696,0.002610049,0.002561263,0.002561263,
2_340,11.0135,16.0264,10.1695,1208.201,261.167,251.404,256.285,0.0113842028695652,0.002610049,0.002512477,0.002561263,
2_341,11.0135,16.0264,10.1695,1208.201,261.167,256.285,256.285,0.0113801504782609,0.002610049,0.002561263,0.002561263,
2_342,11.0136,16.0264,10.1695,1208.201,261.167,256.285,256.285,0.0113801504782609,0.002610049,0.002561263,0.002561263,
2_343,11.0136,16.0264,10.1695,1208.201,261.167,256.285,256.285,0.0113781242608696,0.002610049,0.002561263,0.002561263,
2_344,11.0137,16.0264,10.1695,1208.201,261.167,256.285,256.285,0.0113760980434783,0.002610049,0.002561263,0.002561263,
2_345,11.0137,16.0264,10.1695,1208.201,261.167,256.285,256.285,0.011374071826087,0.002610049,0.002561263,0.002561263,
2_346,11.0138,16.0264,10.1695,1208.201,261.167,256.285,256.285,0.0113720456086957,0.002610049,0.002561263,0.002561263,
2_347,11.0138,16.0264,10.1695,1208.201,261.167,256.285,256.285,0.0113720456086957,0.002610049,0.002561263,0.002561263,
2_348,11.0139,16.0264,10.1695,1208.201,261.167,261.167,256.285,0.0113700193913044,0.002610049,0.002610049,0.002561263,
2_349,11.0139,16.0264,10.1695,1203.32,261.167,256.285,256.285,0.011367993173913,0.002610049,0.002561263,0.002561263,
2_350,11.014,16.0264,10.1695,1208.201,261.167,256.285,256.285,0.0113659669565217,0.002610049,0.002561263,0.002561263,
2_351,11.014,16.0264,10.1695,1203.32,261.167,256.285,256.285,0.0113639407391304,0.002610049,0.002561263,0.002561263,
2_352,11.0141,16.0264,10.1695,1208.201,261.167,256.285,256.285,0.0113639407391304,0.002610049,0.002561263,0.002561263,
2_353,11.0141,16.0264,10.1695,1203.32,261.167,256.285,256.285,0.0113619145217391,0.002610049,0.002561263,0.002561263,
2_354,11.0142,16.0264,10.1695,1203.32,266.048,256.285,256.285,0.0113598883043478,0.002658835,0.002561263,0.002561263,
2_355,11.0142,16.0264,10.1695,1208.201,261.167,261.167,256.285,0.0113578620869565,0.002610049,0.002610049,0.002561263,
2_356,11.0143,16.0264,10.1695,1203.32,261.167,256.285,256.285,0.0113558358695652,0.002610049,0.002561263,0.002561263,
2_357,11.0144,16.0264,10.1695,1203.32,261.167,256.285,256.285,0.0113558358695652,0.002610049,0.002561263,0.002561263,
2_358,11.0144,16.0264,10.1695,1198.438,266.048,256.285,256.285,0.0113538096521739,0.002658835,0.002561263,0.002561263,
2_359,11.0145,16.0264,10.1695,1203.32,261.167,256.285,256.285,0.0113538096521739,0.002610049,0.002561263,0.002561263,
2_360,11.0145,16.0264,10.1695,1198.438,261.167,256.285,256.285,0.0113558358695652,0.002610049,0.002561263,0.002561263,
2_361,11.0146,16.0264,10.1695,1198.438,261.167,256.285,256.285,0.0113517834782609,0.002610049,0.002561263,0.002561263,
2_362,11.0146,16.0264,10.1695,1203.32,261.167,256.285,256.285,0.0113517834782609,0.002610049,0.002561263,0.002561263,
2_363,11.0147,16.0264,10.1695,1198.438,261.167,256.285,256.285,0.0113517834782609,0.002610049,0.002561263,0.002561263,
2_364,11.0147,16.0264,10.1695,1198.438,261.167,256.285,256.285,0.0113538096956522,0.002610049,0.002561263,0.002561263,
2_365,11.0148,16.0264,10.1695,1198.438,261.167,256.285,256.285,0.0113517834782609,0.002610049,0.002561263,0.002561263,
2_366,11.0148,16.0264,10.1695,1198.438,261.167,256.285,256.285,0.0113517834782609,0.002610049,0.002561263,0.002561263,
2_367,11.0149,16.0264,10.1695,1198.438,261.167,256.285,256.285,0.0113517834782609,0.002610049,0.002561263,0.002561263,
2_368,11.0149,16.0264,10.1695,1193.556,261.167,251.404,256.285,0.0113517834782609,0.002610049,0.002512477,0.002561263,
2_369,11.015,16.0264,10.1695,1193.556,261.167,256.285,256.285,0.0113517834782609,0.002610049,0.002561263,0.002561263,
2_370,11.015,16.0264,10.1695,1198.438,261.167,256.285,256.285,0.0113497572608696,0.002610049,0.002561263,0.002561263,
2_371,11.0151,16.0264,10.1695,1198.438,261.167,256.285,256.285,0.0113497572608696,0.002610049,0.002561263,0.002561263,
2_372,11.0151,16.0264,10.1695,1193.556,261.167,256.285,256.285,0.0113497572608696,0.002610049,0.002561263,0.002561263,
2_373,11.0152,16.0264,10.1695,1193.556,261.167,256.285,256.285,0.0113497572608696,0.002610049,0.002561263,0.002561263,
2_374,11.0152,16.0264,10.1695,1193.556,261.167,256.285,256.285,0.0113477310869565,0.002610049,0.002561263,0.002561263,
2_375,11.0153,16.0264,10.1695,1193.556,261.167,256.285,256.285,0.0113477310869565,0.002610049,0.002561263,0.002561263,
2_376,11.0153,16.0264,10.1695,1193.556,261.167,256.285,256.285,0.0113477310869565,0.002610049,0.002561263,0.002561263,
2_377,11.0154,16.0264,10.1695,1193.556,261.167,256.285,256.285,0.0113477310869565,0.002610049,0.002561263,0.002561263,
2_378,11.0155,16.0264,10.1695,1193.556,261.167,256.285,256.285,0.0113477310869565,0.002610049,0.002561263,0.002561263,
2_379,11.0155,16.0264,10.1695,1193.556,261.167,256.285,256.285,0.0113477310869565,0.002610049,0.002561263,0.002561263,
2_380,11.0156,16.0264,10.1695,1193.556,261.167,256.285,256.285,0.0113497573043478,0.002610049,0.002561263,0.002561263,
2_381,11.0156,16.0264,10.1695,1193.556,261.167,256.285,256.285,0.0113497573043478,0.002610049,0.002561263,0.002561263,
2_382,11.0157,16.0264,10.1695,1193.556,261.167,256.285,256.285,0.0113497573043478,0.002610049,0.002561263,0.002561263,
